nb,nc,date,Bob,Bill,Garfield,Calvin,Bart,Thor,Goku,Linus,Mulder,Jonny,Skinner,Oliver,Khan,Elmer,Hannibal,Tom,Barney,Fred,Kyle,Ned,Mario,Bashful,Dopey,Sleepy,Hungry,Hal,Claude,Jacques,Phineas,Ferb,Riker,Homer,Ralph,Charles,Howard,Dexter,Rudy,Edwin,Arthur,Bert,Ernie,Milo,Marvin,Luke,Bender,Victor,Pete,Icarus,Daedalus,Mack,Verne,Marcus,Loki,Herschel,Neil,Isaac,Bruce,Zeke,Jeffrey,Milton,Tony,Jackson,Sam,Hank,Bridget,Butterworth,St√©phane,Julia,Justin,Archimedes,Richards,Kiroshi,Landers,Doucette,Moses,Fred_Deltan,Fred_Carleon,Kal,Denu,Gina,Vinnie,Yoshi,Vickers,Henry,Valter
2,1,2167-02-01,Delta Eridani,Omicron2 Eridani,Epsilon Eridani,Epsilon Eridani,Epsilon Eridani,#no_location#,Epsilon Eridani,Epsilon Indi,#no_location#,#no_location#,#no_location#,#no_location#,82 Eridani,82 Eridani,82 Eridani,82 Eridani,Sol_Earth,82 Eridani,82 Eridani,82 Eridani,Beta Hydri,#no_location#,#no_location#,#no_location#,#no_location#,#no_location#,#no_location#,#no_location#,#no_location#,#no_location#,Delta Eridani,Epsilon Eridani,Sol,Sol,Omicron2 Eridani,#no_location#,#no_location#,#no_location#,Sol_Earth,Omicron2 Eridani,Omicron2 Eridani,Omicron2 Eridani,Delta Eridani,,,#no_location#,#no_location#,#no_location#,#no_location#,#no_location#,#no_location#,#no_location#,#no_location#,#no_location#,#no_location#,#no_location#,Alpha Centauri,#no_location#,#no_location#,#no_location#,#no_location#,82 Eridani,#no_location#,#no_location#,Omicron2 Eridani_Vulcan,Omicron2 Eridani_Vulcan,#no_location#,Sol,Sol,Delta Eridani,#no_location#,#no_location#,Epsilon Indi,Sol_Earth,Delta Eridani,#no_location#,#no_location#,#no_location#,#no_location#,#no_location#,#no_location#,#no_location#,#no_location#,Epsilon Indi,Sol
2,2,2188-09-01,Delta Eridani,Omicron2 Eridani,Epsilon Eridani,Epsilon Eridani,Epsilon Eridani,#no_location#,Epsilon Eridani,Epsilon Indi,#no_location#,#no_location#,#no_location#,#no_location#,82 Eridani,82 Eridani,82 Eridani,82 Eridani,Sol_Earth,82 Eridani,82 Eridani,82 Eridani,Beta Hydri,#no_location#,#no_location#,#no_location#,#no_location#,#no_location#,#no_location#,#no_location#,#no_location#,#no_location#,Delta Eridani,Epsilon Eridani,Sol,Sol,Omicron2 Eridani,#no_location#,#no_location#,#no_location#,Sol_Earth,Omicron2 Eridani,Omicron2 Eridani,Omicron2 Eridani,Delta Eridani,,,#no_location#,#no_location#,#no_location#,#no_location#,#no_location#,#no_location#,#no_location#,#no_location#,#no_location#,#no_location#,#no_location#,Alpha Centauri,#no_location#,#no_location#,#no_location#,#no_location#,82 Eridani,#no_location#,#no_location#,Omicron2 Eridani_Vulcan,Omicron2 Eridani_Vulcan,#no_location#,Sol,Sol,Delta Eridani,#no_location#,#no_location#,Epsilon Indi,Sol_Earth,Delta Eridani,#no_location#,#no_location#,#no_location#,#no_location#,#no_location#,#no_location#,#no_location#,#no_location#,Epsilon Indi,Sol
2,3,2167-03-01,Delta Eridani,Omicron2 Eridani,Epsilon Eridani,Epsilon Eridani,Epsilon Eridani,#no_location#,Epsilon Eridani,Epsilon Indi,#no_location#,#no_location#,#no_location#,#no_location#,82 Eridani,82 Eridani,82 Eridani,82 Eridani,Sol_Earth,82 Eridani,82 Eridani,82 Eridani,Beta Hydri,#no_location#,#no_location#,#no_location#,#no_location#,#no_location#,#no_location#,#no_location#,#no_location#,#no_location#,Delta Eridani,Epsilon Eridani,Sol,Sol,Omicron2 Eridani,#no_location#,#no_location#,#no_location#,Sol_Earth,Omicron2 Eridani,Omicron2 Eridani,Omicron2 Eridani,Delta Eridani,,,#no_location#,#no_location#,#no_location#,#no_location#,#no_location#,#no_location#,#no_location#,#no_location#,#no_location#,#no_location#,#no_location#,Alpha Centauri,#no_location#,#no_location#,#no_location#,#no_location#,82 Eridani,#no_location#,#no_location#,Omicron2 Eridani_Vulcan,Omicron2 Eridani_Vulcan,#no_location#,Sol,Sol,Delta Eridani,#no_location#,#no_location#,Epsilon Indi,Sol_Earth,Delta Eridani,#no_location#,#no_location#,#no_location#,#no_location#,#no_location#,#no_location#,#no_location#,#no_location#,Epsilon Indi,Sol
2,4,2170-10-01,Delta Eridani,Omicron2 Eridani,Epsilon Eridani,Epsilon Eridani,Epsilon Eridani,#no_location#,Epsilon Eridani,Epsilon Indi,Eta Cassiopeiae,Eta Cassiopeiae,Eta Cassiopeiae,#no_location#,82 Eridani,82 Eridani,82 Eridani,82 Eridani,Sol_Earth,82 Eridani,82 Eridani,82 Eridani,Eta Cassiopeiae,#no_location#,#no_location#,#no_location#,#no_location#,#no_location#,#no_location#,#no_location#,#no_location#,#no_location#,Eta Cassiopeiae,Eta Cassiopeiae,Sol,Sol,Omicron2 Eridani,#no_location#,#no_location#,#no_location#,Sol_Earth,Omicron2 Eridani,Omicron2 Eridani,Eta Cassiopeiae,Delta Eridani,,,#no_location#,#no_location#,#no_location#,#no_location#,#no_location#,#no_location#,#no_location#,#no_location#,#no_location#,#no_location#,#no_location#,Alpha Centauri,#no_location#,#no_location#,#no_location#,#no_location#,82 Eridani,#no_location#,#no_location#,Omicron2 Eridani_Vulcan,Omicron2 Eridani_Vulcan,#no_location#,Sol,Sol,Delta Eridani,#no_location#,#no_location#,Eta Cassiopeiae,Sol_Earth,Delta Eridani,#no_location#,#no_location#,#no_location#,#no_location#,#no_location#,#no_location#,#no_location#,#no_location#,Epsilon Indi,Sol
2,5,2188-12-01,Delta Eridani,Omicron2 Eridani,Epsilon Eridani,Epsilon Eridani,Epsilon Eridani,#no_location#,Epsilon Eridani,Epsilon Indi,Eta Cassiopeiae,Eta Cassiopeiae,Eta Cassiopeiae,#no_location#,82 Eridani,82 Eridani,82 Eridani,82 Eridani,Sol_Earth,82 Eridani,82 Eridani,82 Eridani,Eta Cassiopeiae,#no_location#,#no_location#,#no_location#,#no_location#,#no_location#,#no_location#,#no_location#,#no_location#,#no_location#,Omicron2 Eridani,Eta Cassiopeiae,Sol,Sol,Omicron2 Eridani,#no_location#,#no_location#,#no_location#,Sol_Earth,Omicron2 Eridani,Omicron2 Eridani,Omicron2 Eridani,Delta Eridani,,,#no_location#,#no_location#,#no_location#,#no_location#,#no_location#,#no_location#,#no_location#,#no_location#,#no_location#,#no_location#,#no_location#,Alpha Centauri,#no_location#,#no_location#,#no_location#,#no_location#,82 Eridani,Omicron2 Eridani,#no_location#,Omicron2 Eridani,Omicron2 Eridani_Vulcan,Omicron2 Eridani,Sol,Sol,Delta Eridani,#no_location#,#no_location#,Eta Cassiopeiae,Sol_Earth,Delta Eridani,#no_location#,#no_location#,#no_location#,#no_location#,#no_location#,#no_location#,#no_location#,#no_location#,Epsilon Indi,Sol
2,6,2171-04-01,Delta Eridani,Omicron2 Eridani,Epsilon Eridani,Epsilon Eridani,Epsilon Eridani,#no_location#,Epsilon Eridani,Epsilon Indi,Eta Cassiopeiae,Eta Cassiopeiae,Eta Cassiopeiae,#no_location#,82 Eridani,82 Eridani,82 Eridani,82 Eridani,Sol_Earth,82 Eridani,82 Eridani,82 Eridani,Eta Cassiopeiae,#no_location#,#no_location#,#no_location#,#no_location#,#no_location#,#no_location#,#no_location#,#no_location#,#no_location#,Omicron2 Eridani,Eta Cassiopeiae,Sol,Sol,Omicron2 Eridani,#no_location#,#no_location#,#no_location#,Sol_Earth,Omicron2 Eridani,Omicron2 Eridani,Omicron2 Eridani,Delta Eridani,,,#no_location#,#no_location#,#no_location#,#no_location#,#no_location#,#no_location#,#no_location#,#no_location#,#no_location#,#no_location#,#no_location#,Alpha Centauri,#no_location#,#no_location#,#no_location#,#no_location#,82 Eridani,Omicron2 Eridani,#no_location#,Omicron2 Eridani,Omicron2 Eridani_Vulcan,Omicron2 Eridani,Sol,Sol,Delta Eridani,#no_location#,#no_location#,Eta Cassiopeiae,Sol_Earth,Delta Eridani,#no_location#,#no_location#,#no_location#,#no_location#,#no_location#,#no_location#,#no_location#,#no_location#,Epsilon Indi,Sol
2,7,2171-07-01,Delta Eridani,Omicron2 Eridani,Epsilon Eridani,Epsilon Eridani,Epsilon Eridani,#no_location#,Epsilon Eridani,Epsilon Indi,Sol,Eta Cassiopeiae,Eta Cassiopeiae,#no_location#,82 Eridani,82 Eridani,82 Eridani,82 Eridani,Sol_Earth,82 Eridani,82 Eridani,82 Eridani,Eta Cassiopeiae,#no_location#,#no_location#,#no_location#,#no_location#,#no_location#,#no_location#,#no_location#,#no_location#,#no_location#,Sol,Sol,Sol,Sol,Omicron2 Eridani,#no_location#,#no_location#,#no_location#,Sol_Earth,Omicron2 Eridani,Omicron2 Eridani,Omicron2 Eridani,Delta Eridani,,,#no_location#,#no_location#,#no_location#,#no_location#,#no_location#,#no_location#,#no_location#,#no_location#,#no_location#,#no_location#,#no_location#,Alpha Centauri,#no_location#,#no_location#,#no_location#,#no_location#,82 Eridani,Omicron2 Eridani,#no_location#,Omicron2 Eridani,Omicron2 Eridani_Vulcan,Omicron2 Eridani,Sol,Sol,Delta Eridani,#no_location#,#no_location#,Eta Cassiopeiae,Sol_Earth,Delta Eridani,#no_location#,#no_location#,#no_location#,#no_location#,#no_location#,#no_location#,#no_location#,#no_location#,Epsilon Indi,Sol
2,8,2189-04-01,Delta Eridani,Omicron2 Eridani,Epsilon Eridani,Epsilon Eridani,Epsilon Eridani,#no_location#,Epsilon Eridani,Epsilon Indi,Sol,Eta Cassiopeiae,Eta Cassiopeiae,#no_location#,82 Eridani,82 Eridani,82 Eridani,82 Eridani,Sol_Earth,82 Eridani,82 Eridani,82 Eridani,Eta Cassiopeiae,#no_location#,#no_location#,#no_location#,#no_location#,#no_location#,#no_location#,#no_location#,#no_location#,#no_location#,Sol,Sol,Sol,Sol,Omicron2 Eridani,#no_location#,#no_location#,#no_location#,Sol_Earth,Omicron2 Eridani,Omicron2 Eridani,Omicron2 Eridani,Delta Eridani,,,#no_location#,#no_location#,#no_location#,#no_location#,#no_location#,#no_location#,#no_location#,#no_location#,#no_location#,#no_location#,#no_location#,Alpha Centauri,#no_location#,#no_location#,#no_location#,#no_location#,82 Eridani,Omicron2 Eridani,#no_location#,Omicron2 Eridani,Omicron2 Eridani_Vulcan,Omicron2 Eridani,Sol,Sol,Delta Eridani,#no_location#,#no_location#,Eta Cassiopeiae,Sol_Earth,Delta Eridani,#no_location#,#no_location#,#no_location#,#no_location#,#no_location#,#no_location#,#no_location#,#no_location#,Epsilon Indi,Sol
2,9,2169-09-01,Delta Eridani,Omicron2 Eridani,Epsilon Eridani,Epsilon Eridani,Epsilon Eridani,#no_location#,Epsilon Eridani,Epsilon Indi,Sol,Eta Cassiopeiae,Eta Cassiopeiae,#no_location#,82 Eridani,82 Eridani,82 Eridani,82 Eridani,Sol_Earth,82 Eridani,82 Eridani,82 Eridani,Eta Cassiopeiae,#no_location#,#no_location#,#no_location#,#no_location#,#no_location#,#no_location#,#no_location#,#no_location#,#no_location#,Sol,Sol,Sol,Sol,Omicron2 Eridani,#no_location#,#no_location#,#no_location#,Sol_Earth,Omicron2 Eridani,Omicron2 Eridani,Omicron2 Eridani,Delta Eridani,,,#no_location#,#no_location#,#no_location#,#no_location#,#no_location#,#no_location#,#no_location#,#no_location#,#no_location#,#no_location#,#no_location#,Alpha Centauri,#no_location#,#no_location#,#no_location#,#no_location#,82 Eridani,Omicron2 Eridani,#no_location#,Omicron2 Eridani,Omicron2 Eridani_Vulcan,Omicron2 Eridani,Sol,Sol,Delta Eridani,#no_location#,#no_location#,Eta Cassiopeiae,Sol_Earth,Delta Eridani,#no_location#,#no_location#,#no_location#,#no_location#,#no_location#,#no_location#,#no_location#,#no_location#,Epsilon Indi,Sol
2,10,2176-11-01,Delta Eridani,Omicron2 Eridani,Epsilon Eridani,Epsilon Eridani,Epsilon Eridani,#no_location#,Epsilon Eridani,Epsilon Indi,Sol,Eta Cassiopeiae,Eta Cassiopeiae,#no_location#,82 Eridani,82 Eridani,82 Eridani,82 Eridani,Sol_Earth,82 Eridani,82 Eridani,82 Eridani,Zeta Tucanae,#no_location#,#no_location#,#no_location#,#no_location#,#no_location#,#no_location#,#no_location#,#no_location#,#no_location#,Sol,Sol,Sol,Sol,Omicron2 Eridani,#no_location#,#no_location#,#no_location#,Sol_Earth,Omicron2 Eridani,Omicron2 Eridani,Omicron2 Eridani,Delta Eridani,,,#no_location#,#no_location#,#no_location#,#no_location#,#no_location#,#no_location#,#no_location#,#no_location#,#no_location#,#no_location#,#no_location#,Alpha Centauri,#no_location#,#no_location#,#no_location#,#no_location#,82 Eridani,Omicron2 Eridani,#no_location#,Omicron2 Eridani,Omicron2 Eridani_Vulcan,Omicron2 Eridani,Sol,Sol,Delta Eridani,#no_location#,#no_location#,Eta Cassiopeiae,Sol_Earth,Delta Eridani,#no_location#,#no_location#,#no_location#,#no_location#,#no_location#,#no_location#,#no_location#,#no_location#,Epsilon Indi,Sol
2,11,2169-11-01,Delta Eridani,Omicron2 Eridani,Epsilon Eridani,Epsilon Eridani,Epsilon Eridani,#no_location#,Epsilon Eridani,Epsilon Indi,Sol,Eta Cassiopeiae,Eta Cassiopeiae,#no_location#,82 Eridani,82 Eridani,82 Eridani,82 Eridani,Sol_Earth,82 Eridani,82 Eridani,82 Eridani,Zeta Tucanae,#no_location#,#no_location#,#no_location#,#no_location#,#no_location#,#no_location#,#no_location#,#no_location#,#no_location#,Sol,Sol,Sol,Sol,Omicron2 Eridani,#no_location#,#no_location#,#no_location#,Sol_Earth,Omicron2 Eridani,Omicron2 Eridani,Omicron2 Eridani,Delta Eridani,,,#no_location#,#no_location#,#no_location#,#no_location#,#no_location#,#no_location#,#no_location#,#no_location#,#no_location#,#no_location#,#no_location#,Alpha Centauri,#no_location#,#no_location#,#no_location#,#no_location#,82 Eridani,Omicron2 Eridani,#no_location#,Omicron2 Eridani,Omicron2 Eridani_Vulcan,Omicron2 Eridani,Sol,Sol,Delta Eridani,#no_location#,#no_location#,Eta Cassiopeiae,Sol_Earth,Delta Eridani,#no_location#,#no_location#,#no_location#,#no_location#,#no_location#,#no_location#,#no_location#,#no_location#,Epsilon Indi,Sol
2,12,2171-05-01,Epsilon Eridani,Epsilon Eridani,Epsilon Eridani,Epsilon Eridani,Epsilon Eridani,#no_location#,Epsilon Eridani,Epsilon Indi,Sol,Eta Cassiopeiae,Eta Cassiopeiae,#no_location#,82 Eridani,82 Eridani,82 Eridani,82 Eridani,Sol_Earth,82 Eridani,82 Eridani,82 Eridani,Zeta Tucanae,#no_location#,#no_location#,#no_location#,#no_location#,#no_location#,#no_location#,#no_location#,#no_location#,#no_location#,Epsilon Eridani,Sol,Sol,Sol,Omicron2 Eridani,#no_location#,#no_location#,#no_location#,Sol_Earth,Omicron2 Eridani,Omicron2 Eridani,Epsilon Eridani,Epsilon Eridani,,,#no_location#,#no_location#,#no_location#,#no_location#,#no_location#,#no_location#,#no_location#,#no_location#,#no_location#,#no_location#,#no_location#,Alpha Centauri,#no_location#,#no_location#,#no_location#,#no_location#,82 Eridani,Omicron2 Eridani,#no_location#,Omicron2 Eridani,Omicron2 Eridani_Vulcan,Omicron2 Eridani,Sol,Sol,Delta Eridani,#no_location#,#no_location#,Eta Cassiopeiae,Sol_Earth,Delta Eridani,#no_location#,#no_location#,#no_location#,#no_location#,#no_location#,#no_location#,#no_location#,#no_location#,Epsilon Indi,Sol
2,13,2180-05-01,Epsilon Eridani,Epsilon Eridani,Epsilon Eridani,Epsilon Eridani,Epsilon Eridani,#no_location#,Epsilon Eridani,Epsilon Indi,Sol,Eta Cassiopeiae,Eta Cassiopeiae,#no_location#,82 Eridani,82 Eridani,82 Eridani,82 Eridani,Sol_Earth,82 Eridani,82 Eridani,82 Eridani,Zeta Tucanae,GL 54,GL 54,GL 54,GL 54,#no_location#,#no_location#,#no_location#,#no_location#,#no_location#,Epsilon Eridani,Sol,Sol,Sol,Omicron2 Eridani,#no_location#,#no_location#,#no_location#,Sol_Earth,Omicron2 Eridani,Omicron2 Eridani,Epsilon Eridani,Epsilon Eridani,,,#no_location#,#no_location#,#no_location#,#no_location#,#no_location#,#no_location#,#no_location#,#no_location#,#no_location#,#no_location#,#no_location#,Alpha Centauri,#no_location#,#no_location#,#no_location#,#no_location#,82 Eridani,Omicron2 Eridani,#no_location#,Omicron2 Eridani,Omicron2 Eridani_Vulcan,Omicron2 Eridani,Sol,Sol,Delta Eridani,#no_location#,#no_location#,Eta Cassiopeiae,Sol_Earth,Delta Eridani,#no_location#,#no_location#,#no_location#,#no_location#,#no_location#,#no_location#,#no_location#,#no_location#,Epsilon Indi,Sol
2,14,2170-12-01,Epsilon Eridani,Epsilon Eridani,Epsilon Eridani,Epsilon Eridani,Epsilon Eridani,#no_location#,Epsilon Eridani,Epsilon Indi,Sol,Eta Cassiopeiae,Eta Cassiopeiae,#no_location#,82 Eridani,82 Eridani,82 Eridani,82 Eridani,Sol_Earth,82 Eridani,82 Eridani,82 Eridani,Zeta Tucanae,GL 54,GL 54,GL 54,GL 54,#no_location#,#no_location#,#no_location#,#no_location#,#no_location#,Sol,Sol,Sol,Sol,Omicron2 Eridani,#no_location#,#no_location#,#no_location#,Sol_Earth,Omicron2 Eridani,Omicron2 Eridani,Epsilon Eridani,Epsilon Eridani,,,#no_location#,#no_location#,#no_location#,#no_location#,#no_location#,#no_location#,#no_location#,#no_location#,#no_location#,#no_location#,#no_location#,Alpha Centauri,#no_location#,#no_location#,#no_location#,#no_location#,82 Eridani,Omicron2 Eridani,#no_location#,Omicron2 Eridani,Omicron2 Eridani_Vulcan,Omicron2 Eridani,Sol,Sol,Delta Eridani,#no_location#,#no_location#,Eta Cassiopeiae,,Delta Eridani,#no_location#,#no_location#,#no_location#,#no_location#,#no_location#,#no_location#,#no_location#,#no_location#,Epsilon Indi,Sol
2,15,2180-11-01,Epsilon Eridani,Epsilon Eridani,Epsilon Eridani,Epsilon Eridani,Epsilon Eridani,#no_location#,Epsilon Eridani,Epsilon Indi,Sol,Eta Cassiopeiae,Eta Cassiopeiae,#no_location#,82 Eridani,82 Eridani,82 Eridani,82 Eridani,Sol_Earth,82 Eridani,82 Eridani,82 Eridani,Zeta Tucanae,GL 54,GL 54,GL 54,GL 54,#no_location#,#no_location#,#no_location#,#no_location#,#no_location#,Sol,Sol,Sol,Sol,Omicron2 Eridani,#no_location#,#no_location#,#no_location#,Sol_Earth,Omicron2 Eridani,Omicron2 Eridani,Epsilon Eridani,Epsilon Eridani,,,#no_location#,#no_location#,#no_location#,#no_location#,#no_location#,#no_location#,#no_location#,#no_location#,#no_location#,#no_location#,#no_location#,Alpha Centauri,#no_location#,#no_location#,#no_location#,#no_location#,82 Eridani,Omicron2 Eridani,#no_location#,Omicron2 Eridani,Omicron2 Eridani_Vulcan,Omicron2 Eridani,Sol,Sol,Delta Eridani,#no_location#,#no_location#,Eta Cassiopeiae,,Delta Eridani,#no_location#,#no_location#,#no_location#,#no_location#,#no_location#,#no_location#,#no_location#,#no_location#,Epsilon Indi,Sol
2,16,2189-09-01,Epsilon Eridani,Epsilon Eridani,Epsilon Eridani,Epsilon Eridani,Epsilon Eridani,#no_location#,Epsilon Eridani,Epsilon Indi,Sol,Eta Cassiopeiae,Eta Cassiopeiae,#no_location#,82 Eridani,82 Eridani,82 Eridani,82 Eridani,Sol_Earth,82 Eridani,82 Eridani,82 Eridani,Zeta Tucanae,GL 54,GL 54,GL 54,GL 54,#no_location#,#no_location#,#no_location#,#no_location#,#no_location#,Sol,Sol,Sol,Sol,Omicron2 Eridani,#no_location#,#no_location#,#no_location#,Sol_Earth,Omicron2 Eridani,Omicron2 Eridani,Epsilon Eridani,Epsilon Eridani,,,#no_location#,#no_location#,#no_location#,#no_location#,#no_location#,#no_location#,#no_location#,#no_location#,#no_location#,#no_location#,#no_location#,Alpha Centauri,#no_location#,#no_location#,#no_location#,#no_location#,82 Eridani,Omicron2 Eridani,#no_location#,Omicron2 Eridani,Omicron2 Eridani_Vulcan,Omicron2 Eridani,Sol,Sol,Delta Eridani,#no_location#,#no_location#,Eta Cassiopeiae,,Delta Eridani,#no_location#,#no_location#,#no_location#,#no_location#,#no_location#,#no_location#,#no_location#,#no_location#,Epsilon Indi,Sol
2,17,2171-05-01,Delta Eridani,Epsilon Eridani,Epsilon Eridani,Epsilon Eridani,Epsilon Eridani,#no_location#,Epsilon Eridani,Epsilon Indi,Sol,Eta Cassiopeiae,Eta Cassiopeiae,#no_location#,82 Eridani,82 Eridani,82 Eridani,82 Eridani,Sol_Earth,82 Eridani,82 Eridani,82 Eridani,Zeta Tucanae,GL 54,GL 54,GL 54,GL 54,#no_location#,#no_location#,#no_location#,#no_location#,#no_location#,Sol,Sol,Sol,Sol,Omicron2 Eridani,#no_location#,#no_location#,#no_location#,Sol_Earth,Omicron2 Eridani,Omicron2 Eridani,Epsilon Eridani,Delta Eridani,,,#no_location#,#no_location#,#no_location#,#no_location#,#no_location#,#no_location#,#no_location#,#no_location#,#no_location#,#no_location#,#no_location#,Alpha Centauri,#no_location#,#no_location#,#no_location#,#no_location#,82 Eridani,Omicron2 Eridani,#no_location#,Omicron2 Eridani,Omicron2 Eridani_Vulcan,Omicron2 Eridani,Sol,Sol,Delta Eridani,#no_location#,#no_location#,Eta Cassiopeiae,,Delta Eridani,#no_location#,#no_location#,#no_location#,#no_location#,#no_location#,#no_location#,#no_location#,#no_location#,Epsilon Indi,Sol
2,18,2172-09-01,Delta Eridani,Epsilon Eridani,Epsilon Eridani,Epsilon Eridani,Epsilon Eridani,#no_location#,Epsilon Eridani,Epsilon Indi,Sol,Eta Cassiopeiae,Eta Cassiopeiae,#no_location#,82 Eridani,82 Eridani,82 Eridani,82 Eridani,Sol_Earth,82 Eridani,82 Eridani,82 Eridani,Zeta Tucanae,GL 54,GL 54,GL 54,GL 54,#no_location#,#no_location#,#no_location#,#no_location#,#no_location#,Sol,Sol,Sol,Sol,Omicron2 Eridani,#no_location#,#no_location#,#no_location#,Sol_Earth,Omicron2 Eridani,Omicron2 Eridani,Epsilon Eridani,Delta Eridani,,,#no_location#,#no_location#,#no_location#,#no_location#,#no_location#,#no_location#,#no_location#,#no_location#,#no_location#,#no_location#,#no_location#,Alpha Centauri,#no_location#,#no_location#,#no_location#,#no_location#,82 Eridani,Omicron2 Eridani,#no_location#,Omicron2 Eridani,Omicron2 Eridani_Vulcan,Omicron2 Eridani,Sol,Sol,Delta Eridani,#no_location#,#no_location#,Eta Cassiopeiae,,Delta Eridani,#no_location#,#no_location#,#no_location#,#no_location#,#no_location#,#no_location#,#no_location#,#no_location#,Epsilon Indi,Sol
2,19,2172-06-01,Delta Eridani,Epsilon Eridani,Epsilon Eridani,Epsilon Eridani,Epsilon Eridani,#no_location#,Epsilon Eridani,Epsilon Indi,Sol,Eta Cassiopeiae,Eta Cassiopeiae,#no_location#,82 Eridani,82 Eridani,82 Eridani,82 Eridani,Sol_Earth,82 Eridani,82 Eridani,82 Eridani,Zeta Tucanae,GL 54,GL 54,GL 54,GL 54,#no_location#,#no_location#,#no_location#,#no_location#,#no_location#,Delta Eridani,Sol,Sol,Sol,Omicron2 Eridani,#no_location#,#no_location#,#no_location#,Sol_Earth,Omicron2 Eridani,Omicron2 Eridani,Epsilon Eridani,Delta Eridani,,,#no_location#,#no_location#,#no_location#,#no_location#,#no_location#,#no_location#,#no_location#,#no_location#,#no_location#,#no_location#,#no_location#,Alpha Centauri,#no_location#,#no_location#,#no_location#,#no_location#,82 Eridani,Omicron2 Eridani,#no_location#,Omicron2 Eridani,Omicron2 Eridani_Vulcan,Omicron2 Eridani,Sol,Sol,Delta Eridani,#no_location#,#no_location#,Delta Eridani,,Delta Eridani,#no_location#,#no_location#,#no_location#,#no_location#,#no_location#,#no_location#,#no_location#,#no_location#,Epsilon Indi,Sol
2,20,2189-10-01,Delta Eridani,Epsilon Eridani,Epsilon Eridani,Epsilon Eridani,Epsilon Eridani,#no_location#,Epsilon Eridani,Epsilon Indi,Sol,Eta Cassiopeiae,Eta Cassiopeiae,#no_location#,82 Eridani,82 Eridani,82 Eridani,82 Eridani,Sol_Earth,82 Eridani,82 Eridani,82 Eridani,Zeta Tucanae,GL 54,GL 54,GL 54,GL 54,#no_location#,#no_location#,#no_location#,#no_location#,#no_location#,Delta Eridani,Sol,Sol,Sol,Omicron2 Eridani,#no_location#,#no_location#,#no_location#,Sol_Earth,Omicron2 Eridani,Omicron2 Eridani,Epsilon Eridani,Delta Eridani,,,#no_location#,#no_location#,#no_location#,#no_location#,#no_location#,#no_location#,#no_location#,#no_location#,#no_location#,#no_location#,#no_location#,Alpha Centauri,#no_location#,#no_location#,#no_location#,#no_location#,82 Eridani,Omicron2 Eridani,#no_location#,Omicron2 Eridani,Omicron2 Eridani_Vulcan,Omicron2 Eridani,Sol,Sol,Delta Eridani,#no_location#,#no_location#,Delta Eridani,,Delta Eridani,#no_location#,#no_location#,#no_location#,#no_location#,#no_location#,#no_location#,#no_location#,#no_location#,Epsilon Indi,Sol
2,21,2174-12-01,Delta Eridani,Epsilon Eridani,Epsilon Eridani,Epsilon Eridani,Epsilon Eridani,#no_location#,Epsilon Eridani,Epsilon Indi,Sol,Eta Cassiopeiae,Eta Cassiopeiae,#no_location#,82 Eridani,82 Eridani,82 Eridani,82 Eridani,Sol_Earth,82 Eridani,82 Eridani,82 Eridani,Zeta Tucanae,GL 54,GL 54,GL 54,GL 54,#no_location#,#no_location#,#no_location#,#no_location#,#no_location#,Sol,Sol,Sol,Sol,Omicron2 Eridani,#no_location#,#no_location#,#no_location#,Sol_Earth,Omicron2 Eridani,Omicron2 Eridani,Epsilon Eridani,Delta Eridani,,,#no_location#,#no_location#,#no_location#,#no_location#,#no_location#,#no_location#,#no_location#,#no_location#,#no_location#,#no_location#,#no_location#,Alpha Centauri,#no_location#,#no_location#,#no_location#,#no_location#,82 Eridani,Omicron2 Eridani,#no_location#,Omicron2 Eridani,Omicron2 Eridani_Vulcan,Omicron2 Eridani,Sol,Sol,Delta Eridani,#no_location#,#no_location#,Delta Eridani,,Delta Eridani,#no_location#,#no_location#,#no_location#,#no_location#,#no_location#,#no_location#,#no_location#,#no_location#,Epsilon Indi,Sol
2,22,2173-12-01,Delta Eridani,Epsilon Eridani,Epsilon Eridani,Epsilon Eridani,Epsilon Eridani,#no_location#,Epsilon Eridani,Epsilon Indi,Sol,Eta Cassiopeiae,Eta Cassiopeiae,#no_location#,82 Eridani,82 Eridani,82 Eridani,82 Eridani,Sol_Earth,82 Eridani,82 Eridani,82 Eridani,Zeta Tucanae,GL 54,GL 54,GL 54,GL 54,#no_location#,#no_location#,#no_location#,#no_location#,#no_location#,Sol,Sol,Sol,Sol,Omicron2 Eridani,#no_location#,#no_location#,#no_location#,Sol_Earth,Omicron2 Eridani,Omicron2 Eridani,Epsilon Eridani,Delta Eridani,,,#no_location#,#no_location#,#no_location#,#no_location#,#no_location#,#no_location#,#no_location#,#no_location#,#no_location#,#no_location#,#no_location#,Alpha Centauri,#no_location#,#no_location#,#no_location#,#no_location#,82 Eridani,Omicron2 Eridani,#no_location#,Omicron2 Eridani,Omicron2 Eridani_Vulcan,Omicron2 Eridani,Sol,Sol,Delta Eridani,#no_location#,#no_location#,Delta Eridani,,Delta Eridani,#no_location#,#no_location#,#no_location#,#no_location#,#no_location#,#no_location#,#no_location#,#no_location#,Epsilon Indi,Sol
2,23,2175-09-01,Delta Eridani,Epsilon Eridani,Epsilon Eridani,Epsilon Eridani,Epsilon Eridani,#no_location#,Epsilon Eridani,Epsilon Indi,Sol,Eta Cassiopeiae,Eta Cassiopeiae,#no_location#,82 Eridani,82 Eridani,82 Eridani,82 Eridani,Sol_Earth,82 Eridani,82 Eridani,82 Eridani,Zeta Tucanae,GL 54,GL 54,GL 54,GL 54,#no_location#,#no_location#,#no_location#,#no_location#,#no_location#,Sol,Sol,Sol,Sol,Omicron2 Eridani,#no_location#,#no_location#,#no_location#,Sol_Earth,Omicron2 Eridani,Omicron2 Eridani,Epsilon Eridani,Delta Eridani,,,#no_location#,#no_location#,#no_location#,#no_location#,#no_location#,#no_location#,#no_location#,#no_location#,#no_location#,#no_location#,#no_location#,Alpha Centauri,#no_location#,#no_location#,#no_location#,#no_location#,82 Eridani,Omicron2 Eridani,#no_location#,Omicron2 Eridani,Omicron2 Eridani_Vulcan,Omicron2 Eridani,Sol,Sol,Delta Eridani,#no_location#,#no_location#,Delta Eridani,,Delta Eridani,#no_location#,#no_location#,#no_location#,#no_location#,#no_location#,#no_location#,#no_location#,#no_location#,Epsilon Indi,Sol
2,24,2174-03-01,Delta Eridani,Epsilon Eridani,Epsilon Eridani,Epsilon Eridani,Epsilon Eridani,#no_location#,Epsilon Eridani,Epsilon Indi,Sol,Eta Cassiopeiae,Eta Cassiopeiae,#no_location#,82 Eridani,82 Eridani,82 Eridani,82 Eridani,Sol_Earth,82 Eridani,82 Eridani,82 Eridani,Zeta Tucanae,GL 54,GL 54,GL 54,GL 54,#no_location#,#no_location#,#no_location#,#no_location#,#no_location#,Sol,Sol,Sol,Sol,Omicron2 Eridani,#no_location#,#no_location#,#no_location#,Sol_Earth,Omicron2 Eridani,Omicron2 Eridani,Delta Eridani,Delta Eridani,,,Delta Eridani,Delta Eridani,#no_location#,#no_location#,#no_location#,#no_location#,#no_location#,#no_location#,#no_location#,#no_location#,#no_location#,Alpha Centauri,#no_location#,#no_location#,#no_location#,#no_location#,82 Eridani,Omicron2 Eridani,#no_location#,Omicron2 Eridani,Omicron2 Eridani_Vulcan,Omicron2 Eridani,Sol,Sol,Delta Eridani,#no_location#,#no_location#,Delta Eridani,,Delta Eridani,#no_location#,#no_location#,#no_location#,#no_location#,#no_location#,#no_location#,#no_location#,#no_location#,Epsilon Indi,Sol
2,25,2189-11-01,Delta Eridani,Epsilon Eridani,Epsilon Eridani,Epsilon Eridani,Epsilon Eridani,#no_location#,Epsilon Eridani,Epsilon Indi,Sol,Eta Cassiopeiae,Eta Cassiopeiae,#no_location#,82 Eridani,82 Eridani,82 Eridani,82 Eridani,Sol_Earth,82 Eridani,82 Eridani,82 Eridani,Zeta Tucanae,GL 54,GL 54,GL 54,GL 54,#no_location#,#no_location#,#no_location#,#no_location#,#no_location#,Sol,Sol,Sol,Sol,Omicron2 Eridani,#no_location#,#no_location#,#no_location#,Sol_Earth,Omicron2 Eridani,Omicron2 Eridani,Delta Eridani,Delta Eridani,,,Delta Eridani,Delta Eridani,#no_location#,#no_location#,#no_location#,#no_location#,#no_location#,#no_location#,#no_location#,#no_location#,#no_location#,Alpha Centauri,#no_location#,#no_location#,#no_location#,#no_location#,82 Eridani,Omicron2 Eridani,#no_location#,Omicron2 Eridani,Omicron2 Eridani_Vulcan,Omicron2 Eridani,Sol,Sol,Delta Eridani,#no_location#,#no_location#,Delta Eridani,,Delta Eridani,#no_location#,#no_location#,#no_location#,#no_location#,#no_location#,#no_location#,#no_location#,#no_location#,Epsilon Indi,Sol
2,26,2175-12-01,Delta Eridani,Epsilon Eridani,Epsilon Eridani,Epsilon Eridani,Epsilon Eridani,#no_location#,Epsilon Eridani,Epsilon Indi,Sol,Eta Cassiopeiae,Eta Cassiopeiae,#no_location#,82 Eridani,82 Eridani,82 Eridani,82 Eridani,Sol_Earth,82 Eridani,82 Eridani,82 Eridani,Zeta Tucanae,GL 54,GL 54,GL 54,GL 54,#no_location#,#no_location#,#no_location#,#no_location#,#no_location#,Sol,Sol,Sol,Sol,Omicron2 Eridani,#no_location#,#no_location#,#no_location#,Sol_Earth,Omicron2 Eridani,Omicron2 Eridani,Delta Eridani,Delta Eridani,,,Delta Eridani,Delta Eridani,#no_location#,#no_location#,#no_location#,#no_location#,#no_location#,#no_location#,#no_location#,#no_location#,#no_location#,Alpha Centauri,#no_location#,#no_location#,#no_location#,#no_location#,82 Eridani,Omicron2 Eridani,#no_location#,Omicron2 Eridani,Omicron2 Eridani_Vulcan,Omicron2 Eridani,Sol,Sol,Delta Eridani,#no_location#,#no_location#,Delta Eridani,,Delta Eridani,#no_location#,#no_location#,#no_location#,#no_location#,#no_location#,#no_location#,#no_location#,#no_location#,Epsilon Indi,Sol
2,27,2178-03-01,Delta Eridani,Epsilon Eridani,Epsilon Eridani,Epsilon Eridani,Epsilon Eridani,#no_location#,Epsilon Eridani,Epsilon Indi,Sol,Eta Cassiopeiae,Eta Cassiopeiae,#no_location#,82 Eridani,82 Eridani,82 Eridani,82 Eridani,Sol_Earth,82 Eridani,82 Eridani,82 Eridani,Zeta Tucanae,GL 54,GL 54,GL 54,GL 54,#no_location#,#no_location#,#no_location#,#no_location#,#no_location#,Sol,Sol,Sol,Sol,Omicron2 Eridani,#no_location#,#no_location#,#no_location#,Sol_Earth,Omicron2 Eridani,Omicron2 Eridani,Delta Eridani,Delta Eridani,,,Delta Eridani,Delta Eridani,#no_location#,#no_location#,#no_location#,#no_location#,#no_location#,#no_location#,#no_location#,#no_location#,#no_location#,Alpha Centauri,#no_location#,#no_location#,#no_location#,#no_location#,82 Eridani,Omicron2 Eridani,#no_location#,Omicron2 Eridani,Omicron2 Eridani_Vulcan,Omicron2 Eridani,Sol,Sol,Delta Eridani,#no_location#,#no_location#,Delta Eridani,,Delta Eridani,#no_location#,#no_location#,#no_location#,#no_location#,#no_location#,#no_location#,#no_location#,#no_location#,Epsilon Indi,Sol
2,28,2175-12-01,Delta Eridani,Sol,Epsilon Eridani,Epsilon Eridani,Epsilon Eridani,#no_location#,Epsilon Eridani,Epsilon Indi,Sol,Eta Cassiopeiae,Eta Cassiopeiae,#no_location#,82 Eridani,82 Eridani,82 Eridani,82 Eridani,Sol_Earth,82 Eridani,82 Eridani,82 Eridani,Zeta Tucanae,GL 54,GL 54,GL 54,GL 54,#no_location#,#no_location#,#no_location#,#no_location#,#no_location#,Sol,Sol,Sol,Sol,Omicron2 Eridani,#no_location#,#no_location#,#no_location#,Sol_Earth,Omicron2 Eridani,Omicron2 Eridani,Delta Eridani,Delta Eridani,,,Delta Eridani,Delta Eridani,#no_location#,#no_location#,#no_location#,#no_location#,#no_location#,#no_location#,#no_location#,#no_location#,#no_location#,Alpha Centauri,#no_location#,#no_location#,#no_location#,#no_location#,82 Eridani,Omicron2 Eridani,#no_location#,Omicron2 Eridani,Omicron2 Eridani_Vulcan,Omicron2 Eridani,Sol,Sol,Delta Eridani,#no_location#,#no_location#,Delta Eridani,,Delta Eridani,#no_location#,#no_location#,#no_location#,#no_location#,#no_location#,#no_location#,#no_location#,#no_location#,Epsilon Indi,Sol
2,29,2190-04-01,Delta Eridani,Sol,Epsilon Eridani,Epsilon Eridani,Epsilon Eridani,#no_location#,Epsilon Eridani,Epsilon Indi,Sol,Eta Cassiopeiae,Eta Cassiopeiae,#no_location#,82 Eridani,82 Eridani,82 Eridani,82 Eridani,Sol_Earth,82 Eridani,82 Eridani,82 Eridani,Zeta Tucanae,GL 54,GL 54,GL 54,GL 54,#no_location#,#no_location#,#no_location#,#no_location#,#no_location#,Sol,Sol,Sol,Sol,Omicron2 Eridani,#no_location#,#no_location#,#no_location#,Sol_Earth,Omicron2 Eridani,Omicron2 Eridani,Delta Eridani,Delta Eridani,,,Delta Eridani,Delta Eridani,#no_location#,#no_location#,#no_location#,#no_location#,#no_location#,#no_location#,#no_location#,#no_location#,#no_location#,Alpha Centauri,#no_location#,#no_location#,#no_location#,#no_location#,82 Eridani,Omicron2 Eridani,#no_location#,Omicron2 Eridani,Omicron2 Eridani_Vulcan,Omicron2 Eridani,Sol,Sol,Delta Eridani,#no_location#,#no_location#,Delta Eridani,,Delta Eridani,#no_location#,#no_location#,#no_location#,#no_location#,#no_location#,#no_location#,#no_location#,#no_location#,Epsilon Indi,Sol
2,30,2187-11-01,Delta Eridani,Sol,Epsilon Eridani,Epsilon Eridani,Epsilon Eridani,#no_location#,Epsilon Eridani,Epsilon Indi,Sol,Eta Cassiopeiae,Eta Cassiopeiae,#no_location#,82 Eridani,82 Eridani,82 Eridani,82 Eridani,Sol_Earth,82 Eridani,82 Eridani,82 Eridani,Zeta Tucanae,GL 54,GL 54,GL 54,GL 54,#no_location#,#no_location#,#no_location#,#no_location#,#no_location#,Sol,Sol,Sol,Sol,Omicron2 Eridani,#no_location#,#no_location#,#no_location#,Sol_Earth,Omicron2 Eridani,Omicron2 Eridani,Delta Eridani,Delta Eridani,,,Delta Eridani,Delta Eridani,#no_location#,#no_location#,#no_location#,#no_location#,#no_location#,#no_location#,#no_location#,#no_location#,#no_location#,Alpha Centauri,#no_location#,#no_location#,#no_location#,#no_location#,82 Eridani,Omicron2 Eridani,#no_location#,Omicron2 Eridani,Omicron2 Eridani_Vulcan,Omicron2 Eridani,Sol,Sol,Delta Eridani,#no_location#,#no_location#,Delta Eridani,,Delta Eridani,#no_location#,#no_location#,#no_location#,#no_location#,#no_location#,#no_location#,#no_location#,#no_location#,Epsilon Indi,Sol
2,31,2191-01-01,Delta Eridani,Sol,Epsilon Eridani,Epsilon Eridani,Epsilon Eridani,#no_location#,Epsilon Eridani,Epsilon Indi,Sol,Eta Cassiopeiae,Eta Cassiopeiae,#no_location#,82 Eridani,82 Eridani,82 Eridani,82 Eridani,Sol_Earth,82 Eridani,82 Eridani,82 Eridani,Zeta Tucanae,GL 54,GL 54,GL 54,GL 54,#no_location#,#no_location#,#no_location#,#no_location#,#no_location#,Sol,Sol,Sol,Sol,Omicron2 Eridani,#no_location#,#no_location#,#no_location#,Sol_Earth,Omicron2 Eridani,Omicron2 Eridani,Delta Eridani,Delta Eridani,,,Delta Eridani,Delta Eridani,#no_location#,#no_location#,#no_location#,#no_location#,#no_location#,#no_location#,#no_location#,#no_location#,#no_location#,Alpha Centauri,#no_location#,#no_location#,#no_location#,#no_location#,82 Eridani,Omicron2 Eridani,#no_location#,Omicron2 Eridani,Omicron2 Eridani_Vulcan,Omicron2 Eridani,Sol,Sol,Delta Eridani,#no_location#,#no_location#,Delta Eridani,,Delta Eridani,#no_location#,#no_location#,#no_location#,#no_location#,#no_location#,#no_location#,#no_location#,#no_location#,Epsilon Indi,Sol
2,32,2178-05-01,Delta Eridani,Epsilon Eridani,Epsilon Eridani,Epsilon Eridani,Epsilon Eridani,#no_location#,Epsilon Eridani,Epsilon Eridani,Sol,Eta Cassiopeiae,Eta Cassiopeiae,#no_location#,82 Eridani,82 Eridani,82 Eridani,82 Eridani,Sol_Earth,82 Eridani,82 Eridani,82 Eridani,Zeta Tucanae,GL 54,GL 54,GL 54,GL 54,#no_location#,#no_location#,#no_location#,#no_location#,#no_location#,Sol,Sol,Sol,Sol,Omicron2 Eridani,#no_location#,#no_location#,#no_location#,Sol_Earth,Omicron2 Eridani,Omicron2 Eridani,Delta Eridani,Delta Eridani,,,Delta Eridani,Delta Eridani,#no_location#,#no_location#,#no_location#,#no_location#,#no_location#,#no_location#,#no_location#,#no_location#,#no_location#,Alpha Centauri,#no_location#,#no_location#,#no_location#,#no_location#,82 Eridani,Omicron2 Eridani,#no_location#,Omicron2 Eridani,Omicron2 Eridani_Vulcan,Omicron2 Eridani,Sol,Sol,Delta Eridani,#no_location#,#no_location#,Delta Eridani,,Delta Eridani,#no_location#,#no_location#,#no_location#,#no_location#,#no_location#,#no_location#,#no_location#,#no_location#,Epsilon Indi,Sol
2,33,2180-01-01,Delta Eridani,Epsilon Eridani,Epsilon Eridani,Epsilon Eridani,Epsilon Eridani,#no_location#,Epsilon Eridani,Epsilon Eridani,Sol,Eta Cassiopeiae,Eta Cassiopeiae,#no_location#,82 Eridani,82 Eridani,82 Eridani,82 Eridani,Sol_Earth,82 Eridani,82 Eridani,82 Eridani,Zeta Tucanae,GL 54,GL 54,GL 54,GL 54,#no_location#,#no_location#,#no_location#,#no_location#,#no_location#,Sol,Sol,Sol,Sol,Omicron2 Eridani,#no_location#,#no_location#,#no_location#,Sol_Earth,Omicron2 Eridani,Omicron2 Eridani,Delta Eridani,Delta Eridani,,,Delta Eridani,Delta Eridani,#no_location#,#no_location#,#no_location#,#no_location#,#no_location#,#no_location#,#no_location#,#no_location#,#no_location#,Alpha Centauri,#no_location#,#no_location#,#no_location#,#no_location#,82 Eridani,Omicron2 Eridani,#no_location#,Omicron2 Eridani,Omicron2 Eridani_Vulcan,Omicron2 Eridani,Sol,Sol,Delta Eridani,#no_location#,#no_location#,Delta Eridani,,Delta Eridani,#no_location#,#no_location#,#no_location#,#no_location#,#no_location#,#no_location#,#no_location#,#no_location#,Epsilon Indi,Sol
2,34,2185-06-01,Delta Eridani,Epsilon Eridani,Epsilon Eridani,Epsilon Eridani,Epsilon Eridani,Epsilon Eridani,Epsilon Eridani,Epsilon Eridani,Sol,Eta Cassiopeiae,Eta Cassiopeiae,#no_location#,Epsilon Eridani,Epsilon Eridani,82 Eridani,Epsilon Eridani,Sol_Earth,82 Eridani,82 Eridani,82 Eridani,Zeta Tucanae,GL 54,GL 54,GL 54,GL 54,#no_location#,#no_location#,#no_location#,#no_location#,#no_location#,Sol,Sol,Sol,Sol,Omicron2 Eridani,#no_location#,#no_location#,#no_location#,Sol_Earth,Omicron2 Eridani,Omicron2 Eridani,Epsilon Eridani,Delta Eridani,,,Delta Eridani,Delta Eridani,#no_location#,#no_location#,#no_location#,Epsilon Eridani,#no_location#,Epsilon Eridani,#no_location#,#no_location#,#no_location#,Alpha Centauri,#no_location#,#no_location#,#no_location#,#no_location#,82 Eridani,Omicron2 Eridani,Epsilon Eridani,Omicron2 Eridani,Omicron2 Eridani_Vulcan,Omicron2 Eridani,Sol,Sol,Delta Eridani,#no_location#,#no_location#,Delta Eridani,,Delta Eridani,#no_location#,#no_location#,#no_location#,#no_location#,#no_location#,#no_location#,#no_location#,#no_location#,Epsilon Indi,Sol
2,35,2192-09-01,Delta Eridani,Epsilon Eridani,Epsilon Eridani,Epsilon Eridani,Epsilon Eridani,Epsilon Eridani,Epsilon Eridani,Epsilon Eridani,Sol,Eta Cassiopeiae,Eta Cassiopeiae,#no_location#,Epsilon Eridani,Epsilon Eridani,82 Eridani,Epsilon Eridani,Sol_Earth,82 Eridani,82 Eridani,82 Eridani,Zeta Tucanae,GL 54,GL 54,GL 54,GL 54,#no_location#,#no_location#,#no_location#,#no_location#,#no_location#,Sol,Sol,Sol,Sol,Omicron2 Eridani,#no_location#,#no_location#,#no_location#,Sol_Earth,Omicron2 Eridani,Omicron2 Eridani,Epsilon Eridani,Delta Eridani,,,Delta Eridani,Delta Eridani,#no_location#,#no_location#,#no_location#,Epsilon Eridani,#no_location#,Epsilon Eridani,#no_location#,#no_location#,#no_location#,Alpha Centauri,#no_location#,#no_location#,#no_location#,#no_location#,82 Eridani,Omicron2 Eridani,Epsilon Eridani,Omicron2 Eridani,Omicron2 Eridani_Vulcan,Omicron2 Eridani,Sol,Sol,Delta Eridani,#no_location#,#no_location#,Delta Eridani,,Delta Eridani,#no_location#,#no_location#,#no_location#,#no_location#,#no_location#,#no_location#,#no_location#,#no_location#,Epsilon Indi,Sol
2,36,2187-03-01,Delta Eridani,Epsilon Eridani,Epsilon Eridani,Epsilon Eridani,Epsilon Eridani,Epsilon Eridani,Epsilon Eridani,Epsilon Eridani,Sol,Eta Cassiopeiae,Eta Cassiopeiae,#no_location#,Epsilon Eridani,Epsilon Eridani,82 Eridani,Epsilon Eridani,Sol_Earth,82 Eridani,82 Eridani,82 Eridani,Zeta Tucanae,GL 54,GL 54,GL 54,GL 54,#no_location#,#no_location#,#no_location#,#no_location#,#no_location#,Sol,Sol,Sol,Sol,Omicron2 Eridani,#no_location#,#no_location#,#no_location#,Sol_Earth,Omicron2 Eridani,Omicron2 Eridani,Epsilon Eridani,Delta Eridani,,,Delta Eridani,Delta Eridani,#no_location#,#no_location#,#no_location#,Epsilon Eridani,#no_location#,Epsilon Eridani,#no_location#,#no_location#,#no_location#,Alpha Centauri,#no_location#,#no_location#,#no_location#,#no_location#,82 Eridani,Omicron2 Eridani,Epsilon Eridani,Omicron2 Eridani,Omicron2 Eridani_Vulcan,Omicron2 Eridani,Sol,Sol,Delta Eridani,#no_location#,#no_location#,Delta Eridani,,Delta Eridani,#no_location#,#no_location#,#no_location#,#no_location#,#no_location#,#no_location#,#no_location#,#no_location#,Epsilon Indi,Sol
2,37,2176-08-01,Delta Eridani,Epsilon Eridani,Epsilon Eridani,Epsilon Eridani,Epsilon Eridani,Epsilon Eridani,Epsilon Eridani,Epsilon Eridani,Sol,Eta Cassiopeiae,Eta Cassiopeiae,#no_location#,Epsilon Eridani,Epsilon Eridani,82 Eridani,Epsilon Eridani,Sol_Earth,82 Eridani,82 Eridani,82 Eridani,Zeta Tucanae,GL 54,GL 54,GL 54,GL 54,#no_location#,#no_location#,#no_location#,#no_location#,#no_location#,Sol,Sol,Sol,Sol,Omicron2 Eridani,#no_location#,#no_location#,#no_location#,Sol_Earth,Omicron2 Eridani,Omicron2 Eridani,Epsilon Eridani,Delta Eridani,,,Delta Eridani,Delta Eridani,#no_location#,#no_location#,#no_location#,Epsilon Eridani,#no_location#,Epsilon Eridani,#no_location#,#no_location#,#no_location#,11 Leonis Minoris,#no_location#,#no_location#,#no_location#,#no_location#,82 Eridani,Omicron2 Eridani,Epsilon Eridani,Omicron2 Eridani,Omicron2 Eridani_Vulcan,Omicron2 Eridani,Sol,Sol,Delta Eridani,#no_location#,#no_location#,Delta Eridani,,Delta Eridani,#no_location#,#no_location#,#no_location#,#no_location#,#no_location#,#no_location#,#no_location#,#no_location#,Epsilon Indi,Sol
2,38,2188-05-01,Delta Eridani,Epsilon Eridani,Epsilon Eridani,Epsilon Eridani,Epsilon Eridani,Epsilon Eridani,Epsilon Eridani,Epsilon Eridani,Sol,Eta Cassiopeiae,Eta Cassiopeiae,#no_location#,Epsilon Eridani,Epsilon Eridani,82 Eridani,Epsilon Eridani,Sol_Earth,82 Eridani,82 Eridani,82 Eridani,Zeta Tucanae,GL 54,GL 54,GL 54,GL 54,#no_location#,#no_location#,#no_location#,#no_location#,#no_location#,Sol,Sol,Sol,Sol,Omicron2 Eridani,#no_location#,#no_location#,#no_location#,Sol_Earth,Omicron2 Eridani,Omicron2 Eridani,Epsilon Eridani,Delta Eridani,,,Delta Eridani,Delta Eridani,#no_location#,#no_location#,#no_location#,Epsilon Eridani,#no_location#,Epsilon Eridani,#no_location#,#no_location#,#no_location#,11 Leonis Minoris,#no_location#,#no_location#,#no_location#,#no_location#,82 Eridani,Omicron2 Eridani,Epsilon Eridani,Omicron2 Eridani,Omicron2 Eridani_Vulcan,Omicron2 Eridani,Sol,Sol,Delta Eridani,#no_location#,#no_location#,Delta Eridani,,Delta Eridani,#no_location#,#no_location#,#no_location#,#no_location#,#no_location#,#no_location#,#no_location#,#no_location#,Epsilon Indi,Sol
2,39,2188-08-01,Delta Eridani,Epsilon Eridani,Epsilon Eridani,Epsilon Eridani,Epsilon Eridani,Epsilon Eridani,Epsilon Eridani,Epsilon Eridani,Sol,Eta Cassiopeiae,Eta Cassiopeiae,#no_location#,Epsilon Eridani,Epsilon Eridani,82 Eridani,Epsilon Eridani,Sol_Earth,82 Eridani,82 Eridani,82 Eridani,Zeta Tucanae,GL 54,GL 54,GL 54,Epsilon Eridani,,#no_location#,#no_location#,#no_location#,#no_location#,Sol,Sol,Sol,Sol,Omicron2 Eridani,#no_location#,#no_location#,#no_location#,Sol_Earth,Omicron2 Eridani,Omicron2 Eridani,Epsilon Eridani,Delta Eridani,,,Delta Eridani,Delta Eridani,#no_location#,#no_location#,#no_location#,Epsilon Eridani,#no_location#,Epsilon Eridani,#no_location#,#no_location#,#no_location#,11 Leonis Minoris,#no_location#,#no_location#,#no_location#,#no_location#,82 Eridani,Omicron2 Eridani,Epsilon Eridani,Omicron2 Eridani,Omicron2 Eridani_Vulcan,Omicron2 Eridani,Sol,Sol,Delta Eridani,#no_location#,#no_location#,Delta Eridani,,Delta Eridani,#no_location#,#no_location#,#no_location#,#no_location#,#no_location#,#no_location#,#no_location#,#no_location#,Epsilon Indi,Sol
2,40,2178-02-01,Delta Eridani,Epsilon Eridani,Epsilon Eridani,Epsilon Eridani,Epsilon Eridani,Epsilon Eridani,Epsilon Eridani,Epsilon Eridani,Sol,Eta Cassiopeiae,Eta Cassiopeiae,#no_location#,Epsilon Eridani,Epsilon Eridani,82 Eridani,Epsilon Eridani,Sol_Earth,82 Eridani,82 Eridani,82 Eridani,Zeta Tucanae,GL 54,GL 54,GL 54,Epsilon Eridani,Epsilon Eridani,#no_location#,#no_location#,#no_location#,#no_location#,Sol,Sol,Sol,Sol,Omicron2 Eridani,#no_location#,#no_location#,#no_location#,Sol_Earth,Omicron2 Eridani,Omicron2 Eridani,Epsilon Eridani,Delta Eridani,,,Delta Eridani,Delta Eridani,#no_location#,#no_location#,#no_location#,Epsilon Eridani,#no_location#,Epsilon Eridani,#no_location#,#no_location#,#no_location#,11 Leonis Minoris,#no_location#,#no_location#,#no_location#,#no_location#,82 Eridani,Omicron2 Eridani,Epsilon Eridani,Omicron2 Eridani,Omicron2 Eridani_Vulcan,Omicron2 Eridani,Sol,Sol,Delta Eridani,#no_location#,#no_location#,Delta Eridani,,Delta Eridani,#no_location#,#no_location#,#no_location#,#no_location#,#no_location#,#no_location#,#no_location#,#no_location#,Epsilon Indi,Sol
2,41,2182-07-01,Delta Eridani,Epsilon Eridani,Epsilon Eridani,Epsilon Eridani,Epsilon Eridani,Epsilon Eridani,Epsilon Eridani,Epsilon Eridani,Sol,Eta Cassiopeiae,Eta Cassiopeiae,#no_location#,Epsilon Eridani,Epsilon Eridani,82 Eridani,Epsilon Eridani,Sol_Earth,82 Eridani,82 Eridani,82 Eridani,Zeta Tucanae,GL 54,GL 54,GL 54,Epsilon Eridani,Epsilon Eridani,#no_location#,#no_location#,#no_location#,#no_location#,Sol,Sol,Sol,Sol,Omicron2 Eridani,#no_location#,#no_location#,#no_location#,Sol_Earth,Omicron2 Eridani,Omicron2 Eridani,Epsilon Eridani,Delta Eridani,,,Delta Eridani,Delta Eridani,#no_location#,#no_location#,#no_location#,Epsilon Eridani,#no_location#,Epsilon Eridani,#no_location#,#no_location#,#no_location#,11 Leonis Minoris,#no_location#,#no_location#,#no_location#,#no_location#,82 Eridani,Omicron2 Eridani,Epsilon Eridani,Omicron2 Eridani,Omicron2 Eridani_Vulcan,Omicron2 Eridani,Sol,Sol,Delta Eridani,#no_location#,#no_location#,Delta Eridani,,Delta Eridani,#no_location#,#no_location#,#no_location#,#no_location#,#no_location#,#no_location#,#no_location#,#no_location#,Epsilon Indi,Sol
2,42,2193-03-01,Delta Eridani,Epsilon Eridani,Epsilon Eridani,Epsilon Eridani,Epsilon Eridani,Epsilon Eridani,Epsilon Eridani,Epsilon Eridani,Sol,Eta Cassiopeiae,Eta Cassiopeiae,#no_location#,Epsilon Eridani,Epsilon Eridani,82 Eridani,Epsilon Eridani,Sol_Earth,82 Eridani,82 Eridani,82 Eridani,Zeta Tucanae,GL 54,GL 54,GL 54,Epsilon Eridani,Epsilon Eridani,#no_location#,#no_location#,#no_location#,#no_location#,Sol,Sol,Sol,Sol,Omicron2 Eridani,#no_location#,#no_location#,#no_location#,Sol_Earth,Omicron2 Eridani,Omicron2 Eridani,Epsilon Eridani,Delta Eridani,,,Delta Eridani,Delta Eridani,#no_location#,#no_location#,#no_location#,Epsilon Eridani,#no_location#,Epsilon Eridani,#no_location#,#no_location#,#no_location#,11 Leonis Minoris,#no_location#,#no_location#,#no_location#,#no_location#,82 Eridani,Omicron2 Eridani,Epsilon Eridani,Omicron2 Eridani,Omicron2 Eridani_Vulcan,Omicron2 Eridani,Sol,Sol,Delta Eridani,#no_location#,#no_location#,Delta Eridani,,Delta Eridani,#no_location#,#no_location#,#no_location#,#no_location#,#no_location#,#no_location#,#no_location#,#no_location#,Epsilon Indi,Sol
2,43,2178-03-01,Delta Eridani,Sol,Epsilon Eridani,Epsilon Eridani,Epsilon Eridani,Epsilon Eridani,Epsilon Eridani,Epsilon Eridani,Sol,Eta Cassiopeiae,Eta Cassiopeiae,#no_location#,Epsilon Eridani,Epsilon Eridani,82 Eridani,Epsilon Eridani,Sol_Earth,82 Eridani,82 Eridani,82 Eridani,Zeta Tucanae,GL 54,GL 54,GL 54,Epsilon Eridani,Epsilon Eridani,#no_location#,#no_location#,#no_location#,#no_location#,Sol,Sol,Sol,Sol,Omicron2 Eridani,#no_location#,#no_location#,#no_location#,Sol_Earth,Omicron2 Eridani,Omicron2 Eridani,Epsilon Eridani,Delta Eridani,,,Delta Eridani,Delta Eridani,#no_location#,#no_location#,#no_location#,Epsilon Eridani,#no_location#,Epsilon Eridani,#no_location#,#no_location#,#no_location#,11 Leonis Minoris,#no_location#,#no_location#,#no_location#,#no_location#,82 Eridani,Omicron2 Eridani,Epsilon Eridani,Omicron2 Eridani,Omicron2 Eridani_Vulcan,Omicron2 Eridani,Sol,Sol,Delta Eridani,#no_location#,#no_location#,Delta Eridani,,Delta Eridani,#no_location#,#no_location#,#no_location#,#no_location#,#no_location#,#no_location#,#no_location#,Sol,Epsilon Indi,Sol
2,44,2189-03-01,Epsilon Eridani,Epsilon Eridani,Epsilon Eridani,Epsilon Eridani,Epsilon Eridani,Epsilon Eridani,Epsilon Eridani,Epsilon Eridani,Sol,Eta Cassiopeiae,Eta Cassiopeiae,#no_location#,Epsilon Eridani,Epsilon Eridani,82 Eridani,Epsilon Eridani,Sol_Earth,82 Eridani,82 Eridani,82 Eridani,Epsilon Eridani,GL 54,Epsilon Eridani,GL 54,Epsilon Eridani,Epsilon Eridani,#no_location#,#no_location#,#no_location#,#no_location#,Epsilon Eridani,Sol,Sol,Sol,Epsilon Eridani,#no_location#,#no_location#,#no_location#,Sol_Earth,Omicron2 Eridani,Omicron2 Eridani,Epsilon Eridani,Epsilon Eridani,,,Delta Eridani,Delta Eridani,#no_location#,#no_location#,#no_location#,Epsilon Eridani,#no_location#,Epsilon Eridani,#no_location#,#no_location#,#no_location#,11 Leonis Minoris,#no_location#,#no_location#,#no_location#,#no_location#,82 Eridani,Omicron2 Eridani,Epsilon Eridani,Omicron2 Eridani,Omicron2 Eridani_Vulcan,Omicron2 Eridani,Sol,Sol,Delta Eridani,#no_location#,#no_location#,Delta Eridani,,Delta Eridani,#no_location#,#no_location#,#no_location#,#no_location#,#no_location#,#no_location#,#no_location#,Sol,Epsilon Indi,Sol
2,45,2193-08-01,Epsilon Eridani,Epsilon Eridani,Epsilon Eridani,Epsilon Eridani,Epsilon Eridani,Epsilon Eridani,Epsilon Eridani,Epsilon Eridani,Sol,Eta Cassiopeiae,Eta Cassiopeiae,#no_location#,Epsilon Eridani,Epsilon Eridani,82 Eridani,Epsilon Eridani,Sol_Earth,82 Eridani,82 Eridani,82 Eridani,Epsilon Eridani,GL 54,Epsilon Eridani,GL 54,Epsilon Eridani,Epsilon Eridani,#no_location#,#no_location#,#no_location#,#no_location#,Epsilon Eridani,Sol,Sol,Sol,Epsilon Eridani,#no_location#,#no_location#,#no_location#,Sol_Earth,Omicron2 Eridani,Omicron2 Eridani,Epsilon Eridani,Epsilon Eridani,,,Delta Eridani,Delta Eridani,#no_location#,#no_location#,#no_location#,Epsilon Eridani,#no_location#,Epsilon Eridani,#no_location#,#no_location#,#no_location#,11 Leonis Minoris,#no_location#,#no_location#,#no_location#,#no_location#,82 Eridani,Omicron2 Eridani,Epsilon Eridani,Omicron2 Eridani,Omicron2 Eridani_Vulcan,Omicron2 Eridani,Sol,Sol,Delta Eridani,#no_location#,#no_location#,Delta Eridani,,Delta Eridani,#no_location#,#no_location#,#no_location#,#no_location#,#no_location#,#no_location#,#no_location#,Sol,Epsilon Indi,Sol
2,46,2190-02-01,Epsilon Eridani,Epsilon Eridani,Epsilon Eridani,Epsilon Eridani,Epsilon Eridani,Epsilon Eridani,Epsilon Eridani,Epsilon Indi,Sol,Eta Cassiopeiae,Eta Cassiopeiae,#no_location#,Epsilon Eridani,Epsilon Eridani,82 Eridani,Epsilon Eridani,Sol_Earth,82 Eridani,82 Eridani,82 Eridani,Epsilon Eridani,GL 54,Epsilon Eridani,GL 54,Epsilon Eridani,Epsilon Eridani,#no_location#,#no_location#,#no_location#,#no_location#,Epsilon Indi,Sol,Sol,Sol,Epsilon Indi,#no_location#,Epsilon Indi,Epsilon Indi,Sol_Earth,Omicron2 Eridani,Omicron2 Eridani,Epsilon Eridani,Epsilon Eridani,,,Delta Eridani,Delta Eridani,#no_location#,#no_location#,#no_location#,Epsilon Eridani,#no_location#,Epsilon Eridani,#no_location#,#no_location#,#no_location#,11 Leonis Minoris,#no_location#,#no_location#,#no_location#,#no_location#,82 Eridani,Omicron2 Eridani,Epsilon Eridani,Omicron2 Eridani,Omicron2 Eridani_Vulcan,Omicron2 Eridani,Sol,Sol,Delta Eridani,#no_location#,#no_location#,Delta Eridani,,Delta Eridani,#no_location#,#no_location#,#no_location#,#no_location#,#no_location#,#no_location#,#no_location#,Sol,Epsilon Indi,Sol
2,47,2182-09-01,Delta Eridani,Epsilon Eridani,Epsilon Eridani,Epsilon Eridani,Epsilon Eridani,Epsilon Eridani,Epsilon Eridani,Epsilon Indi,Sol,Eta Cassiopeiae,Eta Cassiopeiae,#no_location#,Epsilon Eridani,Epsilon Eridani,82 Eridani,Epsilon Eridani,Sol_Earth,82 Eridani,82 Eridani,82 Eridani,Epsilon Eridani,GL 54,Epsilon Eridani,GL 54,Epsilon Eridani,Epsilon Eridani,#no_location#,#no_location#,#no_location#,#no_location#,Epsilon Indi,Sol,Sol,Sol,Epsilon Indi,#no_location#,Epsilon Indi,Epsilon Indi,Sol_Earth,Omicron2 Eridani,Omicron2 Eridani,Epsilon Eridani,Delta Eridani,,,Delta Eridani,Delta Eridani,#no_location#,#no_location#,#no_location#,Epsilon Eridani,#no_location#,Epsilon Eridani,#no_location#,#no_location#,#no_location#,11 Leonis Minoris,#no_location#,#no_location#,#no_location#,#no_location#,82 Eridani,Omicron2 Eridani,Epsilon Eridani,Omicron2 Eridani,Omicron2 Eridani_Vulcan,Omicron2 Eridani,Sol,Sol,Delta Eridani,#no_location#,#no_location#,Delta Eridani,,Delta Eridani,#no_location#,#no_location#,#no_location#,#no_location#,#no_location#,#no_location#,#no_location#,Sol,Epsilon Indi,Sol
2,48,2193-09-01,Delta Eridani,Epsilon Eridani,Epsilon Eridani,Epsilon Eridani,Epsilon Eridani,Epsilon Eridani,Epsilon Eridani,Epsilon Indi,Sol,Eta Cassiopeiae,Eta Cassiopeiae,#no_location#,Epsilon Eridani,Epsilon Eridani,82 Eridani,Epsilon Eridani,Sol_Earth,82 Eridani,82 Eridani,82 Eridani,Epsilon Eridani,GL 54,Epsilon Eridani,GL 54,Epsilon Eridani,Epsilon Eridani,#no_location#,#no_location#,#no_location#,#no_location#,Epsilon Indi,Sol,Sol,Sol,Epsilon Indi,#no_location#,Epsilon Indi,Epsilon Indi,Sol_Earth,Omicron2 Eridani,Omicron2 Eridani,Epsilon Eridani,Delta Eridani,,,Delta Eridani,Delta Eridani,#no_location#,#no_location#,#no_location#,Epsilon Eridani,#no_location#,Epsilon Eridani,#no_location#,#no_location#,#no_location#,11 Leonis Minoris,#no_location#,#no_location#,#no_location#,#no_location#,82 Eridani,Omicron2 Eridani,Epsilon Eridani,Omicron2 Eridani,Omicron2 Eridani_Vulcan,Omicron2 Eridani,Sol,Sol,Delta Eridani,#no_location#,#no_location#,Delta Eridani,,Delta Eridani,#no_location#,#no_location#,#no_location#,#no_location#,#no_location#,#no_location#,#no_location#,Sol,Epsilon Indi,Sol
2,49,2195-03-01,Delta Eridani,Epsilon Eridani,Epsilon Eridani,Epsilon Eridani,Epsilon Eridani,Epsilon Eridani,Epsilon Eridani,Epsilon Indi,Sol,Eta Cassiopeiae,Eta Cassiopeiae,#no_location#,Epsilon Eridani,Epsilon Eridani,82 Eridani,Epsilon Eridani,Sol_Earth,82 Eridani,82 Eridani,82 Eridani,Epsilon Eridani,GL 54,Epsilon Eridani,GL 54,Epsilon Eridani,Epsilon Eridani,#no_location#,#no_location#,#no_location#,#no_location#,Epsilon Indi,Sol,Sol,Sol,Epsilon Indi,#no_location#,Epsilon Indi,Epsilon Indi,Sol_Earth,Omicron2 Eridani,Omicron2 Eridani,Epsilon Eridani,Delta Eridani,,,Delta Eridani,Delta Eridani,#no_location#,#no_location#,#no_location#,Epsilon Eridani,#no_location#,Epsilon Eridani,#no_location#,#no_location#,#no_location#,11 Leonis Minoris,#no_location#,#no_location#,#no_location#,#no_location#,82 Eridani,Omicron2 Eridani,Epsilon Eridani,Omicron2 Eridani,Omicron2 Eridani_Vulcan,Omicron2 Eridani,Sol,Sol,Delta Eridani,#no_location#,#no_location#,Delta Eridani,,Delta Eridani,#no_location#,#no_location#,#no_location#,#no_location#,#no_location#,#no_location#,#no_location#,Sol,Epsilon Indi,Sol
2,50,2195-11-01,Delta Eridani,Epsilon Eridani,Epsilon Eridani,82 Eridani,Epsilon Eridani,Epsilon Eridani,82 Eridani,Epsilon Indi,Sol,Eta Cassiopeiae,Eta Cassiopeiae,#no_location#,82 Eridani,82 Eridani,82 Eridani,Epsilon Eridani,Sol_Earth,82 Eridani,82 Eridani,82 Eridani,Epsilon Eridani,GL 54,Epsilon Eridani,GL 54,Epsilon Eridani,Epsilon Eridani,#no_location#,#no_location#,#no_location#,#no_location#,82 Eridani,Sol,Sol,Sol,Epsilon Indi,#no_location#,Epsilon Indi,Epsilon Indi,Sol_Earth,Omicron2 Eridani,Omicron2 Eridani,82 Eridani,Delta Eridani,,,Delta Eridani,Delta Eridani,#no_location#,#no_location#,#no_location#,82 Eridani,#no_location#,82 Eridani,#no_location#,#no_location#,#no_location#,11 Leonis Minoris,82 Eridani,82 Eridani,82 Eridani,#no_location#,82 Eridani,Omicron2 Eridani,82 Eridani,Omicron2 Eridani,Omicron2 Eridani_Vulcan,Omicron2 Eridani,Sol,Sol,Delta Eridani,#no_location#,#no_location#,Delta Eridani,,Delta Eridani,#no_location#,#no_location#,#no_location#,#no_location#,#no_location#,#no_location#,#no_location#,Sol,Epsilon Indi,Sol
2,51,2195-04-01,Delta Eridani,Epsilon Eridani,Epsilon Eridani,82 Eridani,Epsilon Eridani,Epsilon Eridani,82 Eridani,Epsilon Indi,Sol,Eta Cassiopeiae,Eta Cassiopeiae,#no_location#,82 Eridani,82 Eridani,82 Eridani,Epsilon Eridani,Sol_Earth,82 Eridani,82 Eridani,82 Eridani,Epsilon Eridani,GL 54,Epsilon Eridani,GL 54,Epsilon Eridani,Epsilon Eridani,#no_location#,#no_location#,#no_location#,#no_location#,82 Eridani,Sol,Sol,Sol,Epsilon Indi,Omicron2 Eridani_Vulcan,Epsilon Indi,Epsilon Indi,Sol_Earth,Omicron2 Eridani,Omicron2 Eridani,82 Eridani,Delta Eridani,,,Delta Eridani,Delta Eridani,#no_location#,#no_location#,#no_location#,82 Eridani,#no_location#,82 Eridani,#no_location#,#no_location#,#no_location#,11 Leonis Minoris,82 Eridani,82 Eridani,82 Eridani,#no_location#,82 Eridani,Omicron2 Eridani,82 Eridani,Omicron2 Eridani,Omicron2 Eridani_Vulcan,Omicron2 Eridani,Sol,Sol,Delta Eridani,#no_location#,#no_location#,Delta Eridani,,Delta Eridani,#no_location#,#no_location#,#no_location#,#no_location#,#no_location#,#no_location#,#no_location#,Sol,Epsilon Indi,Sol
2,52,2195-12-01,Delta Eridani,Epsilon Eridani,Epsilon Eridani,82 Eridani,Epsilon Eridani,Epsilon Eridani,82 Eridani,Epsilon Indi,Sol,Eta Cassiopeiae,Eta Cassiopeiae,#no_location#,82 Eridani,82 Eridani,82 Eridani,Epsilon Eridani,Sol_Earth,82 Eridani,82 Eridani,82 Eridani,Epsilon Eridani,GL 54,Epsilon Eridani,GL 54,Epsilon Eridani,Epsilon Eridani,#no_location#,#no_location#,#no_location#,#no_location#,Epsilon Eridani,Sol,Sol,Sol,Epsilon Indi,Omicron2 Eridani_Vulcan,Epsilon Indi,Epsilon Indi,Sol_Earth,Omicron2 Eridani,Omicron2 Eridani,82 Eridani,Epsilon Eridani,,,Epsilon Eridani,Delta Eridani,#no_location#,#no_location#,#no_location#,82 Eridani,#no_location#,82 Eridani,#no_location#,#no_location#,#no_location#,11 Leonis Minoris,82 Eridani,82 Eridani,82 Eridani,#no_location#,82 Eridani,Omicron2 Eridani,82 Eridani,Omicron2 Eridani,Omicron2 Eridani_Vulcan,Omicron2 Eridani,Sol,Sol,Delta Eridani,#no_location#,#no_location#,Delta Eridani,,Delta Eridani,#no_location#,#no_location#,#no_location#,#no_location#,#no_location#,#no_location#,#no_location#,Sol,Epsilon Indi,Sol
2,53,2196-04-01,Delta Eridani,Epsilon Eridani,Epsilon Eridani,82 Eridani,Epsilon Eridani,GL 877,82 Eridani,Epsilon Indi,Sol,Eta Cassiopeiae,Eta Cassiopeiae,#no_location#,82 Eridani,82 Eridani,82 Eridani,Epsilon Eridani,Sol_Earth,82 Eridani,82 Eridani,82 Eridani,GL 877,GL 54,Epsilon Eridani,GL 54,Epsilon Eridani,GL 877,#no_location#,#no_location#,#no_location#,#no_location#,Epsilon Eridani,Sol,Sol,Sol,Epsilon Indi,Omicron2 Eridani_Vulcan,Epsilon Indi,Epsilon Indi,Sol_Earth,Omicron2 Eridani,Omicron2 Eridani,82 Eridani,Epsilon Eridani,,,Epsilon Eridani,Delta Eridani,#no_location#,#no_location#,#no_location#,82 Eridani,#no_location#,82 Eridani,#no_location#,#no_location#,#no_location#,11 Leonis Minoris,82 Eridani,82 Eridani,82 Eridani,#no_location#,82 Eridani,Omicron2 Eridani,82 Eridani,Omicron2 Eridani,Omicron2 Eridani_Vulcan,Omicron2 Eridani,Sol,Sol,Delta Eridani,#no_location#,#no_location#,Delta Eridani,,Delta Eridani,#no_location#,#no_location#,#no_location#,#no_location#,#no_location#,#no_location#,#no_location#,Sol,Epsilon Indi,Sol
2,54,2197-10-01,Delta Eridani,Epsilon Eridani,Epsilon Eridani,82 Eridani,Epsilon Eridani,GL 877,82 Eridani,Epsilon Indi,Sol,Eta Cassiopeiae,Eta Cassiopeiae,#no_location#,82 Eridani,82 Eridani,82 Eridani,Epsilon Eridani,Sol_Earth,82 Eridani,82 Eridani,82 Eridani,GL 877,GL 54,Epsilon Eridani,GL 54,Epsilon Eridani,GL 877,#no_location#,#no_location#,#no_location#,#no_location#,Epsilon Eridani,Sol,Sol,Sol,Epsilon Indi,Omicron2 Eridani_Vulcan,Epsilon Indi,Epsilon Indi,Sol_Earth,Omicron2 Eridani,Omicron2 Eridani,82 Eridani,Epsilon Eridani,,,Epsilon Eridani,Delta Eridani,#no_location#,#no_location#,#no_location#,82 Eridani,#no_location#,82 Eridani,#no_location#,#no_location#,#no_location#,11 Leonis Minoris,82 Eridani,82 Eridani,82 Eridani,#no_location#,82 Eridani,Omicron2 Eridani,82 Eridani,Omicron2 Eridani,Omicron2 Eridani_Vulcan,Omicron2 Eridani,Sol,Sol,Delta Eridani,#no_location#,#no_location#,Delta Eridani,,Delta Eridani,#no_location#,#no_location#,#no_location#,#no_location#,#no_location#,#no_location#,#no_location#,Sol,Epsilon Indi,Sol
2,55,2204-10-01,Delta Eridani,GL 54,Epsilon Eridani,82 Eridani,Epsilon Eridani,GL 877,82 Eridani,Epsilon Indi,Sol,Eta Cassiopeiae,Eta Cassiopeiae,#no_location#,82 Eridani,82 Eridani,82 Eridani,Epsilon Eridani,Sol_Earth,82 Eridani,82 Eridani,82 Eridani,GL 877,GL 54,Epsilon Eridani,GL 54,Epsilon Eridani,GL 877,#no_location#,#no_location#,#no_location#,#no_location#,Epsilon Eridani,Sol,Sol,Sol,Epsilon Indi,Omicron2 Eridani_Vulcan,Epsilon Indi,Epsilon Indi,Sol_Earth,Omicron2 Eridani,Omicron2 Eridani,82 Eridani,Epsilon Eridani,,,Epsilon Eridani,Delta Eridani,#no_location#,#no_location#,#no_location#,82 Eridani,#no_location#,82 Eridani,#no_location#,#no_location#,#no_location#,11 Leonis Minoris,82 Eridani,82 Eridani,82 Eridani,#no_location#,82 Eridani,Omicron2 Eridani,82 Eridani,Omicron2 Eridani,Omicron2 Eridani_Vulcan,Omicron2 Eridani,Sol,Sol,Delta Eridani,#no_location#,#no_location#,Delta Eridani,,Delta Eridani,#no_location#,#no_location#,#no_location#,#no_location#,#no_location#,#no_location#,#no_location#,Sol,Epsilon Indi,Sol
2,56,2183-01-01,Delta Eridani,GL 54,Epsilon Eridani,82 Eridani,Epsilon Eridani,GL 877,82 Eridani,Epsilon Indi,Sol,Eta Cassiopeiae,Eta Cassiopeiae,#no_location#,82 Eridani,82 Eridani,82 Eridani,Epsilon Eridani,Sol_Earth,82 Eridani,82 Eridani,82 Eridani,GL 877,GL 54,Epsilon Eridani,GL 54,Epsilon Eridani,GL 877,#no_location#,#no_location#,#no_location#,#no_location#,Epsilon Eridani,Sol,Sol,Sol,Epsilon Indi,Omicron2 Eridani_Vulcan,Epsilon Indi,Epsilon Indi,Sol_Earth,Omicron2 Eridani,Omicron2 Eridani,82 Eridani,Delta Eridani,,,Epsilon Eridani,Delta Eridani,#no_location#,#no_location#,#no_location#,82 Eridani,#no_location#,82 Eridani,#no_location#,#no_location#,#no_location#,11 Leonis Minoris,82 Eridani,82 Eridani,82 Eridani,#no_location#,82 Eridani,Omicron2 Eridani,82 Eridani,Omicron2 Eridani,Omicron2 Eridani_Vulcan,Omicron2 Eridani,Sol,Sol,Delta Eridani,#no_location#,#no_location#,Delta Eridani,,Delta Eridani,#no_location#,#no_location#,#no_location#,#no_location#,#no_location#,#no_location#,#no_location#,Sol,Epsilon Indi,Sol
2,57,2204-10-01,Epsilon Eridani,Epsilon Eridani,Epsilon Eridani,Epsilon Eridani,Epsilon Eridani,GL 877,Epsilon Eridani,Epsilon Indi,Sol,Eta Cassiopeiae,Eta Cassiopeiae,#no_location#,82 Eridani,82 Eridani,82 Eridani,Epsilon Eridani,Sol_Earth,82 Eridani,82 Eridani,82 Eridani,Epsilon Eridani,GL 54,Epsilon Eridani,GL 54,Epsilon Eridani,Epsilon Eridani,#no_location#,#no_location#,#no_location#,#no_location#,Epsilon Eridani,Sol,Sol,Sol,Epsilon Indi,Omicron2 Eridani_Vulcan,Epsilon Indi,Epsilon Indi,Sol_Earth,Omicron2 Eridani,Omicron2 Eridani,82 Eridani,Delta Eridani,,,Epsilon Eridani,Delta Eridani,#no_location#,#no_location#,#no_location#,82 Eridani,#no_location#,82 Eridani,#no_location#,#no_location#,#no_location#,Epsilon Eridani,82 Eridani,82 Eridani,82 Eridani,#no_location#,82 Eridani,Omicron2 Eridani,82 Eridani,Omicron2 Eridani,Omicron2 Eridani_Vulcan,Omicron2 Eridani,Sol,Sol,Delta Eridani,#no_location#,#no_location#,Delta Eridani,,Delta Eridani,#no_location#,#no_location#,#no_location#,#no_location#,#no_location#,#no_location#,#no_location#,Sol,Epsilon Indi,Sol
2,58,2198-07-01,Epsilon Eridani,Epsilon Eridani,Epsilon Eridani,Epsilon Eridani,Epsilon Eridani,GL 877,Epsilon Eridani,Epsilon Indi,Sol,Eta Cassiopeiae,Eta Cassiopeiae,#no_location#,82 Eridani,82 Eridani,82 Eridani,Epsilon Eridani,Sol_Earth,82 Eridani,82 Eridani,82 Eridani,Epsilon Eridani,GL 54,Epsilon Eridani,GL 54,Epsilon Eridani,Epsilon Eridani,#no_location#,#no_location#,#no_location#,#no_location#,Epsilon Eridani,Sol,Sol,Sol,Epsilon Indi,Omicron2 Eridani_Vulcan,Epsilon Indi,Epsilon Indi,Sol_Earth,Omicron2 Eridani,Omicron2 Eridani,82 Eridani,Delta Eridani,,,Epsilon Eridani,Delta Eridani,#no_location#,#no_location#,#no_location#,82 Eridani,#no_location#,82 Eridani,#no_location#,#no_location#,#no_location#,Epsilon Eridani,82 Eridani,82 Eridani,82 Eridani,#no_location#,82 Eridani,Omicron2 Eridani,82 Eridani,Omicron2 Eridani,Omicron2 Eridani_Vulcan,Omicron2 Eridani,Sol,Sol,Delta Eridani,#no_location#,#no_location#,Delta Eridani,,Delta Eridani,#no_location#,#no_location#,#no_location#,#no_location#,#no_location#,#no_location#,#no_location#,Sol,Epsilon Indi,Sol
2,59,2205-04-01,Epsilon Eridani,Epsilon Eridani,Epsilon Eridani,Epsilon Eridani,Epsilon Eridani,GL 877,Epsilon Eridani,Epsilon Indi,Sol,Eta Cassiopeiae,Eta Cassiopeiae,#no_location#,82 Eridani,82 Eridani,82 Eridani,Epsilon Eridani,Sol_Earth,82 Eridani,82 Eridani,82 Eridani,Epsilon Eridani,GL 54,Epsilon Eridani,GL 54,Epsilon Eridani,Epsilon Eridani,Epsilon Eridani,Epsilon Eridani,#no_location#,#no_location#,Epsilon Eridani,Sol,Sol,Sol,Epsilon Indi,Omicron2 Eridani_Vulcan,Epsilon Indi,Epsilon Indi,Sol_Earth,Omicron2 Eridani,Omicron2 Eridani,82 Eridani,Delta Eridani,,,Epsilon Eridani,Delta Eridani,#no_location#,#no_location#,#no_location#,82 Eridani,#no_location#,82 Eridani,#no_location#,#no_location#,#no_location#,Epsilon Eridani,82 Eridani,82 Eridani,82 Eridani,#no_location#,82 Eridani,Omicron2 Eridani,82 Eridani,Omicron2 Eridani,Omicron2 Eridani_Vulcan,Omicron2 Eridani,Sol,Sol,Delta Eridani,#no_location#,#no_location#,Delta Eridani,,Delta Eridani,#no_location#,#no_location#,#no_location#,#no_location#,#no_location#,#no_location#,#no_location#,Sol,Epsilon Indi,Sol
2,60,2205-05-01,Epsilon Eridani,Gamma Pavonis,Epsilon Eridani,Epsilon Eridani,Epsilon Eridani,GL 877,Epsilon Eridani,Epsilon Indi,Sol,Eta Cassiopeiae,Eta Cassiopeiae,#no_location#,82 Eridani,82 Eridani,82 Eridani,Epsilon Eridani,Sol_Earth,82 Eridani,82 Eridani,82 Eridani,Epsilon Eridani,GL 54,Epsilon Eridani,GL 54,Epsilon Eridani,Epsilon Eridani,Gamma Pavonis,Epsilon Eridani,#no_location#,#no_location#,Epsilon Eridani,Sol,Sol,Sol,Epsilon Indi,Omicron2 Eridani_Vulcan,Epsilon Indi,Epsilon Indi,Sol_Earth,Omicron2 Eridani,Omicron2 Eridani,82 Eridani,Delta Eridani,,,Epsilon Eridani,Delta Eridani,#no_location#,#no_location#,#no_location#,82 Eridani,#no_location#,82 Eridani,#no_location#,#no_location#,#no_location#,Epsilon Eridani,82 Eridani,82 Eridani,82 Eridani,#no_location#,82 Eridani,Omicron2 Eridani,82 Eridani,Omicron2 Eridani,Omicron2 Eridani_Vulcan,Omicron2 Eridani,Sol,Sol,Delta Eridani,#no_location#,#no_location#,Delta Eridani,,Delta Eridani,#no_location#,#no_location#,#no_location#,#no_location#,#no_location#,#no_location#,#no_location#,Sol,Epsilon Indi,Sol
2,61,2205-09-01,Epsilon Eridani,Alpha Centauri,Epsilon Eridani,Epsilon Eridani,Alpha Centauri,GL 877,Epsilon Eridani,Epsilon Indi,Sol,Eta Cassiopeiae,Eta Cassiopeiae,Alpha Centauri,82 Eridani,82 Eridani,82 Eridani,Epsilon Eridani,Sol_Earth,82 Eridani,82 Eridani,82 Eridani,Epsilon Eridani,GL 54,Epsilon Eridani,GL 54,Epsilon Eridani,Epsilon Eridani,Gamma Pavonis,Epsilon Eridani,#no_location#,#no_location#,Epsilon Eridani,Sol,Sol,Sol,Epsilon Indi,Omicron2 Eridani_Vulcan,Epsilon Indi,Epsilon Indi,Sol_Earth,Omicron2 Eridani,Omicron2 Eridani,82 Eridani,Delta Eridani,,,Epsilon Eridani,Delta Eridani,#no_location#,#no_location#,#no_location#,82 Eridani,#no_location#,82 Eridani,#no_location#,#no_location#,#no_location#,Epsilon Eridani,82 Eridani,82 Eridani,82 Eridani,#no_location#,82 Eridani,Omicron2 Eridani,82 Eridani,Omicron2 Eridani,Omicron2 Eridani_Vulcan,Omicron2 Eridani,Sol,Sol,Delta Eridani,#no_location#,#no_location#,Delta Eridani,,Delta Eridani,#no_location#,#no_location#,#no_location#,#no_location#,#no_location#,#no_location#,#no_location#,Sol,Epsilon Indi,Sol
2,62,2201-11-01,Epsilon Eridani,Alpha Centauri,Epsilon Eridani,Epsilon Eridani,Alpha Centauri,GL 877,Epsilon Eridani,Epsilon Indi,Sol,Eta Cassiopeiae,Eta Cassiopeiae,Alpha Centauri,82 Eridani,82 Eridani,82 Eridani,Epsilon Eridani,Sol_Earth,82 Eridani,82 Eridani,82 Eridani,Epsilon Eridani,GL 54,Epsilon Eridani,GL 54,Epsilon Eridani,Epsilon Eridani,Gamma Pavonis,Epsilon Eridani,#no_location#,#no_location#,Epsilon Eridani,Sol,Sol,Sol,Epsilon Indi,Omicron2 Eridani_Vulcan,Epsilon Indi,Epsilon Indi,Sol_Earth,Omicron2 Eridani,Omicron2 Eridani,82 Eridani,Delta Eridani,,,Epsilon Eridani,Delta Eridani,#no_location#,#no_location#,#no_location#,82 Eridani,#no_location#,82 Eridani,#no_location#,#no_location#,#no_location#,Epsilon Eridani,82 Eridani,82 Eridani,82 Eridani,#no_location#,82 Eridani,Omicron2 Eridani,82 Eridani,Omicron2 Eridani,Omicron2 Eridani_Vulcan,Omicron2 Eridani,Sol,Sol,Delta Eridani,#no_location#,#no_location#,Delta Eridani,,Delta Eridani,#no_location#,#no_location#,#no_location#,#no_location#,#no_location#,#no_location#,#no_location#,Sol,Epsilon Indi,Sol
2,63,2207-02-01,Epsilon Eridani,Delta Pavonis,Epsilon Eridani,Epsilon Eridani,Alpha Centauri,GL 877,Epsilon Eridani,Epsilon Indi,Sol,Eta Cassiopeiae,Eta Cassiopeiae,Delta Pavonis,82 Eridani,82 Eridani,82 Eridani,Epsilon Eridani,Sol_Earth,82 Eridani,82 Eridani,82 Eridani,Epsilon Eridani,GL 54,Epsilon Eridani,GL 54,Epsilon Eridani,Epsilon Eridani,Delta Pavonis,Delta Pavonis,#no_location#,#no_location#,Delta Pavonis,Sol,Sol,Sol,Epsilon Indi,Omicron2 Eridani_Vulcan,Epsilon Indi,Epsilon Indi,Sol_Earth,Omicron2 Eridani,Omicron2 Eridani,82 Eridani,Delta Eridani,,,Epsilon Eridani,Delta Eridani,#no_location#,#no_location#,#no_location#,82 Eridani,#no_location#,82 Eridani,#no_location#,#no_location#,#no_location#,Epsilon Eridani,82 Eridani,82 Eridani,82 Eridani,#no_location#,82 Eridani,Omicron2 Eridani,82 Eridani,Omicron2 Eridani,Omicron2 Eridani_Vulcan,Omicron2 Eridani,Sol,Sol,Delta Eridani,#no_location#,#no_location#,Delta Eridani,,Delta Eridani,#no_location#,#no_location#,#no_location#,#no_location#,#no_location#,#no_location#,#no_location#,Sol,Epsilon Indi,Sol
2,64,2207-03-01,Epsilon Eridani,Epsilon Eridani,Epsilon Eridani,Epsilon Eridani,Alpha Centauri,GL 877,Epsilon Eridani,Epsilon Indi,Sol,Eta Cassiopeiae,Eta Cassiopeiae,Epsilon Eridani,82 Eridani,Epsilon Eridani,82 Eridani,Epsilon Eridani,Sol_Earth,82 Eridani,82 Eridani,82 Eridani,Epsilon Eridani,GL 54,Epsilon Eridani,GL 54,Epsilon Eridani,Epsilon Eridani,Epsilon Eridani,Epsilon Eridani,#no_location#,#no_location#,Delta Pavonis,Sol,Sol,Sol,Epsilon Indi,Omicron2 Eridani_Vulcan,Epsilon Indi,Epsilon Indi,Sol_Earth,Omicron2 Eridani,Omicron2 Eridani,82 Eridani,Delta Eridani,,,Epsilon Eridani,Delta Eridani,#no_location#,#no_location#,#no_location#,82 Eridani,#no_location#,82 Eridani,#no_location#,#no_location#,#no_location#,Epsilon Eridani,82 Eridani,82 Eridani,82 Eridani,#no_location#,82 Eridani,Omicron2 Eridani,82 Eridani,Omicron2 Eridani,Omicron2 Eridani_Vulcan,Omicron2 Eridani,Sol,Sol,Delta Eridani,#no_location#,#no_location#,Delta Eridani,,Delta Eridani,#no_location#,#no_location#,#no_location#,#no_location#,#no_location#,#no_location#,#no_location#,Sol,Epsilon Indi,Sol
2,65,2195-01-01,Delta Eridani,Epsilon Eridani,Epsilon Eridani,Epsilon Eridani,Alpha Centauri,GL 877,Epsilon Eridani,Epsilon Indi,Sol,Eta Cassiopeiae,Eta Cassiopeiae,Epsilon Eridani,82 Eridani,Epsilon Eridani,82 Eridani,Epsilon Eridani,Sol_Earth,82 Eridani,82 Eridani,82 Eridani,Epsilon Eridani,GL 54,Epsilon Eridani,GL 54,Epsilon Eridani,Epsilon Eridani,Epsilon Eridani,Epsilon Eridani,#no_location#,#no_location#,Delta Pavonis,Sol,Sol,Sol,Epsilon Indi,Omicron2 Eridani_Vulcan,Epsilon Indi,Epsilon Indi,Sol_Earth,Omicron2 Eridani,Omicron2 Eridani,82 Eridani,Delta Eridani,,,Epsilon Eridani,Delta Eridani,#no_location#,#no_location#,#no_location#,82 Eridani,#no_location#,82 Eridani,#no_location#,#no_location#,#no_location#,Epsilon Eridani,82 Eridani,82 Eridani,82 Eridani,#no_location#,82 Eridani,Omicron2 Eridani,82 Eridani,Omicron2 Eridani,Omicron2 Eridani_Vulcan,Omicron2 Eridani,Sol,Sol,Delta Eridani,#no_location#,#no_location#,Delta Eridani,,Delta Eridani,#no_location#,#no_location#,#no_location#,#no_location#,#no_location#,#no_location#,#no_location#,Sol,Epsilon Indi,Sol
2,66,2208-01-01,Delta Eridani,Epsilon Eridani,Epsilon Eridani,Epsilon Eridani,Alpha Centauri,Epsilon Eridani,Epsilon Eridani,Epsilon Indi,Sol,Eta Cassiopeiae,Eta Cassiopeiae,Epsilon Eridani,82 Eridani,Epsilon Eridani,82 Eridani,Epsilon Eridani,Sol_Earth,82 Eridani,82 Eridani,82 Eridani,Epsilon Eridani,GL 54,Epsilon Eridani,GL 54,Epsilon Eridani,Epsilon Eridani,Epsilon Eridani,Epsilon Eridani,#no_location#,#no_location#,Delta Pavonis,Sol,Sol,Sol,Epsilon Indi,Omicron2 Eridani_Vulcan,Epsilon Indi,Epsilon Indi,Sol_Earth,Omicron2 Eridani,Omicron2 Eridani,82 Eridani,Delta Eridani,,,Epsilon Eridani,Delta Eridani,#no_location#,#no_location#,#no_location#,82 Eridani,#no_location#,82 Eridani,#no_location#,#no_location#,#no_location#,Epsilon Eridani,82 Eridani,82 Eridani,82 Eridani,#no_location#,82 Eridani,Omicron2 Eridani,82 Eridani,Omicron2 Eridani,Omicron2 Eridani_Vulcan,Omicron2 Eridani,Sol,Sol,Delta Eridani,#no_location#,#no_location#,Delta Eridani,,Delta Eridani,#no_location#,#no_location#,#no_location#,#no_location#,#no_location#,#no_location#,#no_location#,Sol,Epsilon Indi,Sol
2,67,2210-12-01,Delta Eridani,HIP 14101,HIP 14101,Epsilon Eridani,Alpha Centauri,Epsilon Eridani,Epsilon Eridani,Epsilon Indi,Sol,Eta Cassiopeiae,Eta Cassiopeiae,Epsilon Eridani,82 Eridani,Epsilon Eridani,82 Eridani,Epsilon Eridani,Sol_Earth,82 Eridani,82 Eridani,82 Eridani,Epsilon Eridani,GL 54,Epsilon Eridani,GL 54,Epsilon Eridani,Epsilon Eridani,Epsilon Eridani,Epsilon Eridani,#no_location#,#no_location#,Delta Pavonis,Sol,Sol,Sol,HIP 14101,HIP 14101,Epsilon Indi,Epsilon Indi,Sol_Earth,Omicron2 Eridani,Omicron2 Eridani,82 Eridani,Delta Eridani,,,Epsilon Eridani,Delta Eridani,#no_location#,#no_location#,#no_location#,82 Eridani,#no_location#,82 Eridani,#no_location#,#no_location#,#no_location#,Epsilon Eridani,82 Eridani,82 Eridani,82 Eridani,#no_location#,82 Eridani,Omicron2 Eridani,82 Eridani,HIP 14101,Omicron2 Eridani_Vulcan,HIP 14101,Sol,Sol,Delta Eridani,#no_location#,#no_location#,Delta Eridani,,Delta Eridani,#no_location#,#no_location#,#no_location#,#no_location#,#no_location#,#no_location#,#no_location#,Sol,Epsilon Indi,Sol
2,68,2212-09-01,Delta Eridani,HIP 14101,HIP 14101,Epsilon Eridani,Alpha Centauri,Epsilon Eridani,Epsilon Eridani,Epsilon Indi,Sol,Eta Cassiopeiae,Eta Cassiopeiae,Epsilon Eridani,82 Eridani,Epsilon Eridani,82 Eridani,Epsilon Eridani,Sol_Earth,82 Eridani,82 Eridani,82 Eridani,Epsilon Eridani,GL 54,Epsilon Eridani,GL 54,Epsilon Eridani,Epsilon Eridani,Epsilon Eridani,Delta Pavonis,#no_location#,#no_location#,Delta Pavonis,Sol,Sol,Sol,HIP 14101,HIP 14101,Epsilon Indi,Epsilon Indi,Sol_Earth,Omicron2 Eridani,Omicron2 Eridani,82 Eridani,Delta Eridani,,,Epsilon Eridani,Delta Eridani,#no_location#,#no_location#,#no_location#,82 Eridani,#no_location#,82 Eridani,#no_location#,#no_location#,#no_location#,Epsilon Eridani,82 Eridani,82 Eridani,82 Eridani,#no_location#,82 Eridani,Omicron2 Eridani,82 Eridani,HIP 14101,Omicron2 Eridani_Vulcan,HIP 14101,Sol,Sol,Delta Eridani,#no_location#,#no_location#,Delta Eridani,,Delta Eridani,#no_location#,#no_location#,#no_location#,#no_location#,#no_location#,#no_location#,#no_location#,Sol,Epsilon Indi,Sol
2,69,2211-01-01,Delta Eridani,HIP 14101,HIP 14101,Epsilon Eridani,Alpha Centauri,Epsilon Eridani,Epsilon Eridani,Epsilon Indi,Sol,Eta Cassiopeiae,Eta Cassiopeiae,Epsilon Eridani,82 Eridani,Epsilon Eridani,82 Eridani,Epsilon Eridani,Sol_Earth,82 Eridani,82 Eridani,82 Eridani,Epsilon Eridani,GL 54,Epsilon Eridani,GL 54,Epsilon Eridani,Epsilon Eridani,Epsilon Eridani,Delta Pavonis,#no_location#,#no_location#,Delta Pavonis,Sol,Sol,Sol,HIP 14101,HIP 14101,Epsilon Indi,Epsilon Indi,Sol_Earth,Omicron2 Eridani,Omicron2 Eridani,82 Eridani,Delta Eridani,,,Epsilon Eridani,Delta Eridani,#no_location#,#no_location#,#no_location#,82 Eridani,#no_location#,82 Eridani,#no_location#,#no_location#,#no_location#,Epsilon Eridani,82 Eridani,82 Eridani,82 Eridani,#no_location#,82 Eridani,Omicron2 Eridani,82 Eridani,HIP 14101,Omicron2 Eridani_Vulcan,HIP 14101,Sol,Sol,Delta Eridani,#no_location#,#no_location#,Delta Eridani,,Delta Eridani,#no_location#,#no_location#,#no_location#,#no_location#,#no_location#,#no_location#,#no_location#,Sol,Epsilon Indi,Sol
2,70,2211-05-01,Delta Eridani,HIP 14101,HIP 14101,Epsilon Eridani,Alpha Centauri,Epsilon Eridani,Epsilon Eridani,Epsilon Indi,Sol,Eta Cassiopeiae,Eta Cassiopeiae,Epsilon Eridani,82 Eridani,Epsilon Eridani,82 Eridani,Epsilon Eridani,Sol_Earth,82 Eridani,82 Eridani,82 Eridani,Epsilon Eridani,GL 54,Epsilon Eridani,GL 54,Epsilon Eridani,Epsilon Eridani,Epsilon Eridani,Delta Pavonis,#no_location#,#no_location#,HIP 14101,Sol,Sol,HIP 14101,HIP 14101,HIP 14101,Epsilon Indi,Epsilon Indi,Sol_Earth,Omicron2 Eridani,Omicron2 Eridani,82 Eridani,Delta Eridani,,,Epsilon Eridani,Delta Eridani,#no_location#,#no_location#,#no_location#,82 Eridani,#no_location#,82 Eridani,#no_location#,#no_location#,#no_location#,Epsilon Eridani,82 Eridani,82 Eridani,82 Eridani,#no_location#,82 Eridani,Omicron2 Eridani,82 Eridani,HIP 14101,Omicron2 Eridani_Vulcan,HIP 14101,Sol,Sol,Delta Eridani,#no_location#,#no_location#,Delta Eridani,,Delta Eridani,#no_location#,#no_location#,#no_location#,#no_location#,#no_location#,#no_location#,#no_location#,Sol,Epsilon Indi,Sol
2,71,2213-06-01,Delta Eridani,HIP 14101,HIP 14101,Epsilon Eridani,Alpha Centauri,Epsilon Eridani,Epsilon Eridani,Epsilon Indi,Sol,Eta Cassiopeiae,Eta Cassiopeiae,Epsilon Eridani,82 Eridani,Epsilon Eridani,82 Eridani,Epsilon Eridani,Sol_Earth,82 Eridani,82 Eridani,82 Eridani,Epsilon Eridani,GL 54,Epsilon Eridani,GL 54,Epsilon Eridani,Epsilon Eridani,Epsilon Eridani,Delta Pavonis,#no_location#,#no_location#,HIP 14101,Sol,Sol,HIP 14101,HIP 14101,HIP 14101,Epsilon Indi,Epsilon Indi,Sol_Earth,Omicron2 Eridani,Omicron2 Eridani,82 Eridani,Delta Eridani,,,Epsilon Eridani,Delta Eridani,#no_location#,#no_location#,#no_location#,82 Eridani,#no_location#,82 Eridani,#no_location#,#no_location#,#no_location#,Epsilon Eridani,82 Eridani,82 Eridani,82 Eridani,#no_location#,82 Eridani,Omicron2 Eridani,82 Eridani,HIP 14101,Omicron2 Eridani_Vulcan,HIP 14101,Sol,Sol,Delta Eridani,#no_location#,#no_location#,Delta Eridani,,Delta Eridani,#no_location#,#no_location#,#no_location#,#no_location#,#no_location#,#no_location#,#no_location#,Sol,Epsilon Indi,Sol
2,72,2217-02-01,Delta Eridani,Delta Pavonis,HIP 14101,Epsilon Eridani,Alpha Centauri,Epsilon Eridani,Epsilon Eridani,Epsilon Indi,Sol,Eta Cassiopeiae,Eta Cassiopeiae,Epsilon Eridani,82 Eridani,Epsilon Eridani,82 Eridani,Epsilon Eridani,Sol_Earth,82 Eridani,82 Eridani,82 Eridani,Epsilon Eridani,GL 54,Epsilon Eridani,GL 54,Epsilon Eridani,Epsilon Eridani,Epsilon Eridani,Delta Pavonis,#no_location#,#no_location#,HIP 14101,Sol,Sol,HIP 14101,HIP 14101,HIP 14101,Epsilon Indi,Epsilon Indi,Sol_Earth,Omicron2 Eridani,Omicron2 Eridani,82 Eridani,Delta Eridani,,,Epsilon Eridani,Delta Eridani,#no_location#,#no_location#,#no_location#,82 Eridani,#no_location#,82 Eridani,#no_location#,#no_location#,#no_location#,Epsilon Eridani,82 Eridani,82 Eridani,82 Eridani,#no_location#,82 Eridani,Omicron2 Eridani,82 Eridani,HIP 14101,Omicron2 Eridani_Vulcan,HIP 14101,Sol,Sol,Delta Eridani,#no_location#,#no_location#,Delta Eridani,,Delta Eridani,#no_location#,#no_location#,#no_location#,#no_location#,#no_location#,#no_location#,#no_location#,Sol,Epsilon Indi,Sol
2,73,2217-02-01,Delta Eridani,Delta Pavonis,HIP 14101,Epsilon Eridani,Alpha Centauri,Epsilon Eridani,Epsilon Eridani,Epsilon Indi,Sol,Eta Cassiopeiae,Eta Cassiopeiae,Epsilon Eridani,82 Eridani,Epsilon Eridani,82 Eridani,Epsilon Eridani,Sol_Earth,82 Eridani,82 Eridani,82 Eridani,Epsilon Eridani,GL 54,Epsilon Eridani,GL 54,Epsilon Eridani,Epsilon Eridani,Epsilon Eridani,Delta Pavonis,Delta Pavonis,Delta Pavonis,HIP 14101,Sol,Sol,HIP 14101,HIP 14101,HIP 14101,Epsilon Indi,Epsilon Indi,Sol_Earth,Omicron2 Eridani,Omicron2 Eridani,82 Eridani,Delta Eridani,,,Epsilon Eridani,Delta Eridani,#no_location#,#no_location#,#no_location#,82 Eridani,#no_location#,82 Eridani,#no_location#,#no_location#,#no_location#,Epsilon Eridani,82 Eridani,82 Eridani,82 Eridani,#no_location#,82 Eridani,Omicron2 Eridani,82 Eridani,HIP 14101,Omicron2 Eridani_Vulcan,HIP 14101,Sol,Sol,Delta Eridani,#no_location#,#no_location#,Delta Eridani,,Delta Eridani,#no_location#,#no_location#,#no_location#,#no_location#,#no_location#,#no_location#,#no_location#,Sol,Epsilon Indi,Sol
2,74,2217-05-01,Delta Eridani,Delta Pavonis,Delta Pavonis,Epsilon Eridani,Alpha Centauri,Delta Pavonis,Epsilon Eridani,Epsilon Indi,Sol,Eta Cassiopeiae,Eta Cassiopeiae,Epsilon Eridani,82 Eridani,Epsilon Eridani,82 Eridani,Epsilon Eridani,Sol_Earth,82 Eridani,82 Eridani,82 Eridani,Epsilon Eridani,GL 54,Epsilon Eridani,GL 54,Epsilon Eridani,Epsilon Eridani,Epsilon Eridani,Delta Pavonis,Delta Pavonis,Delta Pavonis,Delta Pavonis,Sol,Sol,HIP 14101,Delta Pavonis,HIP 14101,Epsilon Indi,Epsilon Indi,Sol_Earth,Omicron2 Eridani,Omicron2 Eridani,82 Eridani,Delta Eridani,,,Epsilon Eridani,Delta Eridani,#no_location#,#no_location#,#no_location#,82 Eridani,#no_location#,82 Eridani,#no_location#,#no_location#,#no_location#,Epsilon Eridani,82 Eridani,82 Eridani,82 Eridani,Delta Pavonis,82 Eridani,Omicron2 Eridani,82 Eridani,HIP 14101,Omicron2 Eridani_Vulcan,HIP 14101,Sol,Sol,Delta Eridani,#no_location#,#no_location#,Delta Eridani,,Delta Eridani,#no_location#,#no_location#,#no_location#,#no_location#,#no_location#,#no_location#,#no_location#,Sol,Epsilon Indi,Sol
2,75,2216-01-01,Delta Eridani,Delta Pavonis,Delta Pavonis,Epsilon Eridani,Alpha Centauri,Delta Pavonis,Epsilon Eridani,Epsilon Indi,Sol,Eta Cassiopeiae,Eta Cassiopeiae,Epsilon Eridani,82 Eridani,Epsilon Eridani,82 Eridani,Epsilon Eridani,Sol_Earth,82 Eridani,82 Eridani,82 Eridani,Epsilon Eridani,GL 54,Epsilon Eridani,GL 54,Epsilon Eridani,Epsilon Eridani,Epsilon Eridani,Delta Pavonis,Delta Pavonis,Delta Pavonis,Delta Pavonis,Sol,Sol,HIP 14101,HIP 14101,HIP 14101,Epsilon Indi,Epsilon Indi,Sol_Earth,Omicron2 Eridani,Omicron2 Eridani,82 Eridani,Delta Eridani,,,Epsilon Eridani,Delta Eridani,#no_location#,#no_location#,#no_location#,82 Eridani,#no_location#,82 Eridani,#no_location#,#no_location#,#no_location#,Epsilon Eridani,82 Eridani,82 Eridani,82 Eridani,Delta Pavonis,82 Eridani,Omicron2 Eridani,82 Eridani,HIP 14101,Omicron2 Eridani_Vulcan,HIP 14101,Sol,Sol,Delta Eridani,#no_location#,#no_location#,Delta Eridani,,Delta Eridani,#no_location#,#no_location#,#no_location#,#no_location#,#no_location#,#no_location#,#no_location#,Sol,Epsilon Indi,Sol
2,76,2220-11-01,Delta Eridani,Delta Pavonis,Delta Pavonis,Epsilon Eridani,Alpha Centauri,Delta Pavonis,Epsilon Eridani,Epsilon Indi,Sol,Eta Cassiopeiae,Eta Cassiopeiae,Epsilon Eridani,82 Eridani,Epsilon Eridani,82 Eridani,Epsilon Eridani,Sol_Earth,82 Eridani,82 Eridani,82 Eridani,Epsilon Eridani,GL 54,Epsilon Eridani,GL 54,Epsilon Eridani,Epsilon Eridani,Epsilon Eridani,Delta Pavonis,Delta Pavonis,Delta Pavonis,Delta Pavonis,Sol,Sol,HIP 14101,HIP 14101,HIP 14101,Epsilon Indi,Epsilon Indi,Sol_Earth,Omicron2 Eridani,Omicron2 Eridani,82 Eridani,Delta Eridani,,,Epsilon Eridani,Delta Eridani,#no_location#,#no_location#,#no_location#,82 Eridani,#no_location#,82 Eridani,#no_location#,#no_location#,#no_location#,Epsilon Eridani,82 Eridani,82 Eridani,82 Eridani,Delta Pavonis,82 Eridani,Omicron2 Eridani,82 Eridani,HIP 14101,Omicron2 Eridani_Vulcan,HIP 14101,Sol,Sol,Delta Eridani,#no_location#,#no_location#,Delta Eridani,,Delta Eridani,#no_location#,#no_location#,#no_location#,#no_location#,#no_location#,#no_location#,#no_location#,Sol,Epsilon Indi,Sol
2,77,2221-04-01,Delta Eridani,Delta Pavonis,Delta Pavonis,Epsilon Eridani,Alpha Centauri,Delta Pavonis,Epsilon Eridani,Epsilon Indi,Sol,Eta Cassiopeiae,Eta Cassiopeiae,Epsilon Eridani,82 Eridani,Epsilon Eridani,82 Eridani,Epsilon Eridani,Sol_Earth,82 Eridani,82 Eridani,82 Eridani,Epsilon Eridani,GL 54,Epsilon Eridani,GL 54,Epsilon Eridani,Epsilon Eridani,Epsilon Eridani,Delta Pavonis,Delta Pavonis,Delta Pavonis,Delta Pavonis,Delta Pavonis,Sol,HIP 14101,HIP 14101,HIP 14101,Epsilon Indi,Epsilon Indi,Sol_Earth,Omicron2 Eridani,Omicron2 Eridani,82 Eridani,Delta Eridani,,,Epsilon Eridani,Delta Eridani,#no_location#,#no_location#,#no_location#,82 Eridani,#no_location#,82 Eridani,#no_location#,#no_location#,#no_location#,Epsilon Eridani,82 Eridani,82 Eridani,82 Eridani,Delta Pavonis,82 Eridani,Omicron2 Eridani,82 Eridani,HIP 14101,Omicron2 Eridani_Vulcan,HIP 14101,Sol,Sol,Delta Pavonis,#no_location#,#no_location#,Delta Eridani,,Delta Eridani,#no_location#,#no_location#,#no_location#,#no_location#,#no_location#,#no_location#,#no_location#,Sol,Epsilon Indi,Sol
